2026-02-15 14:23:35,974 | INFO | aiogram.dispatcher | Start polling
2026-02-15 14:23:36,080 | INFO | aiogram.dispatcher | Run polling for bot @UJ_UNIVER_bot id=8401290907 - 'UJ_UNIVER'
2026-02-15 14:23:47,515 | INFO | aiogram.event | Update id=886520735 is handled. Duration 328 ms by bot id=8401290907
2026-02-15 14:23:50,054 | INFO | aiogram.event | Update id=886520736 is handled. Duration 141 ms by bot id=8401290907
2026-02-15 14:23:54,675 | INFO | aiogram.event | Update id=886520737 is handled. Duration 141 ms by bot id=8401290907
2026-02-15 14:23:56,197 | INFO | aiogram.event | Update id=886520738 is handled. Duration 156 ms by bot id=8401290907
2026-02-15 14:24:02,765 | INFO | aiogram.event | Update id=886520739 is handled. Duration 110 ms by bot id=8401290907
2026-02-15 14:24:04,989 | INFO | aiogram.event | Update id=886520740 is handled. Duration 250 ms by bot id=8401290907
2026-02-15 14:24:07,845 | INFO | aiogram.event | Update id=886520741 is handled. Duration 265 ms by bot id=8401290907
2026-02-15 14:24:11,402 | INFO | aiogram.event | Update id=886520742 is handled. Duration 312 ms by bot id=8401290907
2026-02-15 14:24:35,154 | INFO | aiogram.event | Update id=886520743 is handled. Duration 389 ms by bot id=8401290907
2026-02-15 15:11:56,337 | INFO | aiogram.dispatcher | Start polling
2026-02-15 15:11:56,437 | INFO | aiogram.dispatcher | Run polling for bot @UJ_UNIVER_bot id=8401290907 - 'UJ_UNIVER'
2026-02-15 18:39:38,022 | INFO | aiogram.dispatcher | Start polling
2026-02-15 18:39:38,129 | INFO | aiogram.dispatcher | Run polling for bot @UJ_UNIVER_bot id=8401290907 - 'UJ_UNIVER'
2026-02-15 18:39:52,506 | INFO | aiogram.event | Update id=886520745 is handled. Duration 327 ms by bot id=8401290907
2026-02-15 18:39:53,557 | INFO | aiogram.event | Update id=886520746 is handled. Duration 139 ms by bot id=8401290907
2026-02-15 18:39:56,203 | INFO | aiogram.event | Update id=886520747 is handled. Duration 188 ms by bot id=8401290907
2026-02-15 18:39:58,081 | INFO | aiogram.event | Update id=886520748 is handled. Duration 125 ms by bot id=8401290907
2026-02-15 18:39:59,229 | INFO | aiogram.event | Update id=886520749 is handled. Duration 140 ms by bot id=8401290907
2026-02-15 18:40:01,779 | INFO | aiogram.event | Update id=886520750 is handled. Duration 125 ms by bot id=8401290907
2026-02-15 18:40:03,149 | INFO | aiogram.event | Update id=886520751 is handled. Duration 234 ms by bot id=8401290907
2026-02-15 18:40:15,458 | INFO | aiogram.event | Update id=886520752 is not handled. Duration 0 ms by bot id=8401290907
2026-02-15 18:40:15,458 | ERROR | aiogram.event | Cause exception while process update id=886520752 by bot id=8401290907
AttributeError: 'Config' object has no attribute 'general_books_supergroup_id'
Traceback (most recent call last):
  File "C:\Users\user\AppData\Local\Programs\Python\Python311\Lib\site-packages\aiogram\dispatcher\dispatcher.py", line 309, in _process_update
    response = await self.feed_update(bot, update, **kwargs)
               ^^^^^^^^^^^^^^^^^^^^^^^^^^^^^^^^^^^^^^^^^^^^^
  File "C:\Users\user\AppData\Local\Programs\Python\Python311\Lib\site-packages\aiogram\dispatcher\dispatcher.py", line 158, in feed_update
    response = await self.update.wrap_outer_middleware(
               ^^^^^^^^^^^^^^^^^^^^^^^^^^^^^^^^^^^^^^^^
  File "C:\Users\user\AppData\Local\Programs\Python\Python311\Lib\site-packages\aiogram\dispatcher\middlewares\error.py", line 25, in __call__
    return await handler(event, data)
           ^^^^^^^^^^^^^^^^^^^^^^^^^^
  File "C:\Users\user\AppData\Local\Programs\Python\Python311\Lib\site-packages\aiogram\dispatcher\middlewares\user_context.py", line 49, in __call__
    return await handler(event, data)
           ^^^^^^^^^^^^^^^^^^^^^^^^^^
  File "C:\Users\user\AppData\Local\Programs\Python\Python311\Lib\contextlib.py", line 222, in __aexit__
    await self.gen.athrow(typ, value, traceback)
  File "C:\Users\user\AppData\Local\Programs\Python\Python311\Lib\site-packages\aiogram\fsm\storage\memory.py", line 56, in lock
    yield
  File "C:\Users\user\AppData\Local\Programs\Python\Python311\Lib\site-packages\aiogram\fsm\middleware.py", line 42, in __call__
    return await handler(event, data)
           ^^^^^^^^^^^^^^^^^^^^^^^^^^
  File "C:\Users\user\AppData\Local\Programs\Python\Python311\Lib\site-packages\aiogram\dispatcher\event\telegram.py", line 121, in trigger
    return await wrapped_inner(event, kwargs)
           ^^^^^^^^^^^^^^^^^^^^^^^^^^^^^^^^^^
  File "C:\Users\user\AppData\Local\Programs\Python\Python311\Lib\site-packages\aiogram\dispatcher\event\handler.py", line 43, in call
    return await wrapped()
           ^^^^^^^^^^^^^^^
  File "C:\Users\user\AppData\Local\Programs\Python\Python311\Lib\site-packages\aiogram\dispatcher\dispatcher.py", line 276, in _listen_update
    return await self.propagate_event(update_type=update_type, event=event, **kwargs)
           ^^^^^^^^^^^^^^^^^^^^^^^^^^^^^^^^^^^^^^^^^^^^^^^^^^^^^^^^^^^^^^^^^^^^^^^^^^
  File "C:\Users\user\AppData\Local\Programs\Python\Python311\Lib\site-packages\aiogram\dispatcher\router.py", line 142, in propagate_event
    return await observer.wrap_outer_middleware(_wrapped, event=event, data=kwargs)
           ^^^^^^^^^^^^^^^^^^^^^^^^^^^^^^^^^^^^^^^^^^^^^^^^^^^^^^^^^^^^^^^^^^^^^^^^
  File "C:\Users\user\AppData\Local\Programs\Python\Python311\Lib\site-packages\aiogram\dispatcher\router.py", line 137, in _wrapped
    return await self._propagate_event(
           ^^^^^^^^^^^^^^^^^^^^^^^^^^^^
  File "C:\Users\user\AppData\Local\Programs\Python\Python311\Lib\site-packages\aiogram\dispatcher\router.py", line 170, in _propagate_event
    response = await router.propagate_event(update_type=update_type, event=event, **kwargs)
               ^^^^^^^^^^^^^^^^^^^^^^^^^^^^^^^^^^^^^^^^^^^^^^^^^^^^^^^^^^^^^^^^^^^^^^^^^^^^
  File "C:\Users\user\AppData\Local\Programs\Python\Python311\Lib\site-packages\aiogram\dispatcher\router.py", line 142, in propagate_event
    return await observer.wrap_outer_middleware(_wrapped, event=event, data=kwargs)
           ^^^^^^^^^^^^^^^^^^^^^^^^^^^^^^^^^^^^^^^^^^^^^^^^^^^^^^^^^^^^^^^^^^^^^^^^
  File "C:\Users\user\AppData\Local\Programs\Python\Python311\Lib\site-packages\aiogram\dispatcher\router.py", line 137, in _wrapped
    return await self._propagate_event(
           ^^^^^^^^^^^^^^^^^^^^^^^^^^^^
  File "C:\Users\user\AppData\Local\Programs\Python\Python311\Lib\site-packages\aiogram\dispatcher\router.py", line 162, in _propagate_event
    response = await observer.trigger(event, **kwargs)
               ^^^^^^^^^^^^^^^^^^^^^^^^^^^^^^^^^^^^^^^
  File "C:\Users\user\AppData\Local\Programs\Python\Python311\Lib\site-packages\aiogram\dispatcher\event\telegram.py", line 121, in trigger
    return await wrapped_inner(event, kwargs)
           ^^^^^^^^^^^^^^^^^^^^^^^^^^^^^^^^^^
  File "C:\Users\user\AppData\Local\Programs\Python\Python311\Lib\site-packages\aiogram\dispatcher\event\handler.py", line 43, in call
    return await wrapped()
           ^^^^^^^^^^^^^^^
  File "D:\UJ_UNIVER_bot\handlers\admin.py", line 523, in lib_add_new_subject_router
    chat_id=int(config.general_books_supergroup_id),
                ^^^^^^^^^^^^^^^^^^^^^^^^^^^^^^^^^^
AttributeError: 'Config' object has no attribute 'general_books_supergroup_id'
2026-02-15 18:40:26,808 | INFO | aiogram.event | Update id=886520753 is handled. Duration 343 ms by bot id=8401290907
2026-02-15 18:40:28,345 | INFO | aiogram.event | Update id=886520754 is handled. Duration 234 ms by bot id=8401290907
2026-02-15 18:40:33,024 | INFO | aiogram.event | Update id=886520755 is not handled. Duration 0 ms by bot id=8401290907
2026-02-15 18:40:33,025 | ERROR | aiogram.event | Cause exception while process update id=886520755 by bot id=8401290907
AttributeError: 'Config' object has no attribute 'general_books_supergroup_id'
Traceback (most recent call last):
  File "C:\Users\user\AppData\Local\Programs\Python\Python311\Lib\site-packages\aiogram\dispatcher\dispatcher.py", line 309, in _process_update
    response = await self.feed_update(bot, update, **kwargs)
               ^^^^^^^^^^^^^^^^^^^^^^^^^^^^^^^^^^^^^^^^^^^^^
  File "C:\Users\user\AppData\Local\Programs\Python\Python311\Lib\site-packages\aiogram\dispatcher\dispatcher.py", line 158, in feed_update
    response = await self.update.wrap_outer_middleware(
               ^^^^^^^^^^^^^^^^^^^^^^^^^^^^^^^^^^^^^^^^
  File "C:\Users\user\AppData\Local\Programs\Python\Python311\Lib\site-packages\aiogram\dispatcher\middlewares\error.py", line 25, in __call__
    return await handler(event, data)
           ^^^^^^^^^^^^^^^^^^^^^^^^^^
  File "C:\Users\user\AppData\Local\Programs\Python\Python311\Lib\site-packages\aiogram\dispatcher\middlewares\user_context.py", line 49, in __call__
    return await handler(event, data)
           ^^^^^^^^^^^^^^^^^^^^^^^^^^
  File "C:\Users\user\AppData\Local\Programs\Python\Python311\Lib\contextlib.py", line 222, in __aexit__
    await self.gen.athrow(typ, value, traceback)
  File "C:\Users\user\AppData\Local\Programs\Python\Python311\Lib\site-packages\aiogram\fsm\storage\memory.py", line 56, in lock
    yield
  File "C:\Users\user\AppData\Local\Programs\Python\Python311\Lib\site-packages\aiogram\fsm\middleware.py", line 42, in __call__
    return await handler(event, data)
           ^^^^^^^^^^^^^^^^^^^^^^^^^^
  File "C:\Users\user\AppData\Local\Programs\Python\Python311\Lib\site-packages\aiogram\dispatcher\event\telegram.py", line 121, in trigger
    return await wrapped_inner(event, kwargs)
           ^^^^^^^^^^^^^^^^^^^^^^^^^^^^^^^^^^
  File "C:\Users\user\AppData\Local\Programs\Python\Python311\Lib\site-packages\aiogram\dispatcher\event\handler.py", line 43, in call
    return await wrapped()
           ^^^^^^^^^^^^^^^
  File "C:\Users\user\AppData\Local\Programs\Python\Python311\Lib\site-packages\aiogram\dispatcher\dispatcher.py", line 276, in _listen_update
    return await self.propagate_event(update_type=update_type, event=event, **kwargs)
           ^^^^^^^^^^^^^^^^^^^^^^^^^^^^^^^^^^^^^^^^^^^^^^^^^^^^^^^^^^^^^^^^^^^^^^^^^^
  File "C:\Users\user\AppData\Local\Programs\Python\Python311\Lib\site-packages\aiogram\dispatcher\router.py", line 142, in propagate_event
    return await observer.wrap_outer_middleware(_wrapped, event=event, data=kwargs)
           ^^^^^^^^^^^^^^^^^^^^^^^^^^^^^^^^^^^^^^^^^^^^^^^^^^^^^^^^^^^^^^^^^^^^^^^^
  File "C:\Users\user\AppData\Local\Programs\Python\Python311\Lib\site-packages\aiogram\dispatcher\router.py", line 137, in _wrapped
    return await self._propagate_event(
           ^^^^^^^^^^^^^^^^^^^^^^^^^^^^
  File "C:\Users\user\AppData\Local\Programs\Python\Python311\Lib\site-packages\aiogram\dispatcher\router.py", line 170, in _propagate_event
    response = await router.propagate_event(update_type=update_type, event=event, **kwargs)
               ^^^^^^^^^^^^^^^^^^^^^^^^^^^^^^^^^^^^^^^^^^^^^^^^^^^^^^^^^^^^^^^^^^^^^^^^^^^^
  File "C:\Users\user\AppData\Local\Programs\Python\Python311\Lib\site-packages\aiogram\dispatcher\router.py", line 142, in propagate_event
    return await observer.wrap_outer_middleware(_wrapped, event=event, data=kwargs)
           ^^^^^^^^^^^^^^^^^^^^^^^^^^^^^^^^^^^^^^^^^^^^^^^^^^^^^^^^^^^^^^^^^^^^^^^^
  File "C:\Users\user\AppData\Local\Programs\Python\Python311\Lib\site-packages\aiogram\dispatcher\router.py", line 137, in _wrapped
    return await self._propagate_event(
           ^^^^^^^^^^^^^^^^^^^^^^^^^^^^
  File "C:\Users\user\AppData\Local\Programs\Python\Python311\Lib\site-packages\aiogram\dispatcher\router.py", line 162, in _propagate_event
    response = await observer.trigger(event, **kwargs)
               ^^^^^^^^^^^^^^^^^^^^^^^^^^^^^^^^^^^^^^^
  File "C:\Users\user\AppData\Local\Programs\Python\Python311\Lib\site-packages\aiogram\dispatcher\event\telegram.py", line 121, in trigger
    return await wrapped_inner(event, kwargs)
           ^^^^^^^^^^^^^^^^^^^^^^^^^^^^^^^^^^
  File "C:\Users\user\AppData\Local\Programs\Python\Python311\Lib\site-packages\aiogram\dispatcher\event\handler.py", line 43, in call
    return await wrapped()
           ^^^^^^^^^^^^^^^
  File "D:\UJ_UNIVER_bot\handlers\admin.py", line 523, in lib_add_new_subject_router
    chat_id=int(config.general_books_supergroup_id),
                ^^^^^^^^^^^^^^^^^^^^^^^^^^^^^^^^^^
AttributeError: 'Config' object has no attribute 'general_books_supergroup_id'
2026-02-15 18:40:46,313 | INFO | aiogram.event | Update id=886520756 is handled. Duration 436 ms by bot id=8401290907
2026-02-15 18:40:47,968 | INFO | aiogram.event | Update id=886520757 is handled. Duration 375 ms by bot id=8401290907
2026-02-15 18:50:57,883 | INFO | aiogram.dispatcher | Start polling
2026-02-15 18:50:57,985 | INFO | aiogram.dispatcher | Run polling for bot @UJ_UNIVER_bot id=8401290907 - 'UJ_UNIVER'
2026-02-15 18:51:10,469 | INFO | aiogram.event | Update id=886520758 is handled. Duration 360 ms by bot id=8401290907
2026-02-15 18:51:11,464 | INFO | aiogram.event | Update id=886520759 is handled. Duration 141 ms by bot id=8401290907
2026-02-15 18:51:13,337 | INFO | aiogram.event | Update id=886520760 is handled. Duration 172 ms by bot id=8401290907
2026-02-15 18:51:14,446 | INFO | aiogram.event | Update id=886520761 is handled. Duration 235 ms by bot id=8401290907
2026-02-15 18:51:22,870 | INFO | aiogram.event | Update id=886520762 is handled. Duration 125 ms by bot id=8401290907
2026-02-15 18:51:30,306 | INFO | aiogram.event | Update id=886520763 is handled. Duration 218 ms by bot id=8401290907
2026-02-15 18:52:21,338 | INFO | aiogram.event | Update id=886520764 is handled. Duration 358 ms by bot id=8401290907
2026-02-15 18:52:22,658 | INFO | aiogram.event | Update id=886520765 is handled. Duration 125 ms by bot id=8401290907
2026-02-15 18:52:24,846 | INFO | aiogram.event | Update id=886520766 is handled. Duration 141 ms by bot id=8401290907
2026-02-15 18:52:26,191 | INFO | aiogram.event | Update id=886520767 is handled. Duration 328 ms by bot id=8401290907
2026-02-15 18:52:28,948 | INFO | aiogram.event | Update id=886520768 is handled. Duration 125 ms by bot id=8401290907
2026-02-15 18:57:15,385 | INFO | aiogram.dispatcher | Start polling
2026-02-15 18:57:15,484 | INFO | aiogram.dispatcher | Run polling for bot @UJ_UNIVER_bot id=8401290907 - 'UJ_UNIVER'
2026-02-15 18:57:28,294 | INFO | aiogram.event | Update id=886520769 is handled. Duration 328 ms by bot id=8401290907
2026-02-15 18:57:29,185 | INFO | aiogram.event | Update id=886520770 is handled. Duration 109 ms by bot id=8401290907
2026-02-15 18:57:30,477 | INFO | aiogram.event | Update id=886520771 is handled. Duration 141 ms by bot id=8401290907
2026-02-15 18:57:31,534 | INFO | aiogram.event | Update id=886520772 is handled. Duration 250 ms by bot id=8401290907
2026-02-15 18:57:34,753 | INFO | aiogram.event | Update id=886520773 is handled. Duration 125 ms by bot id=8401290907
2026-02-15 19:01:28,211 | INFO | aiogram.dispatcher | Start polling
2026-02-15 19:01:28,315 | INFO | aiogram.dispatcher | Run polling for bot @UJ_UNIVER_bot id=8401290907 - 'UJ_UNIVER'
2026-02-15 19:01:39,844 | INFO | aiogram.event | Update id=886520774 is handled. Duration 327 ms by bot id=8401290907
2026-02-15 19:01:41,202 | INFO | aiogram.event | Update id=886520775 is handled. Duration 125 ms by bot id=8401290907
2026-02-15 19:01:43,201 | INFO | aiogram.event | Update id=886520776 is handled. Duration 125 ms by bot id=8401290907
2026-02-15 19:01:44,261 | INFO | aiogram.event | Update id=886520777 is handled. Duration 234 ms by bot id=8401290907
2026-02-15 19:01:47,139 | INFO | aiogram.event | Update id=886520778 is handled. Duration 125 ms by bot id=8401290907
2026-02-15 19:10:02,214 | INFO | aiogram.dispatcher | Start polling
2026-02-15 19:10:02,314 | INFO | aiogram.dispatcher | Run polling for bot @UJ_UNIVER_bot id=8401290907 - 'UJ_UNIVER'
2026-02-15 19:10:12,495 | INFO | aiogram.event | Update id=886520780 is handled. Duration 328 ms by bot id=8401290907
2026-02-15 19:10:13,533 | INFO | aiogram.event | Update id=886520781 is handled. Duration 125 ms by bot id=8401290907
2026-02-15 19:10:15,096 | INFO | aiogram.event | Update id=886520782 is handled. Duration 155 ms by bot id=8401290907
2026-02-15 19:10:16,196 | INFO | aiogram.event | Update id=886520783 is handled. Duration 250 ms by bot id=8401290907
2026-02-15 19:10:19,035 | INFO | aiogram.event | Update id=886520784 is handled. Duration 125 ms by bot id=8401290907
2026-02-15 19:14:43,575 | INFO | aiogram.dispatcher | Start polling
2026-02-15 19:14:43,678 | INFO | aiogram.dispatcher | Run polling for bot @UJ_UNIVER_bot id=8401290907 - 'UJ_UNIVER'
2026-02-15 19:14:54,554 | INFO | aiogram.event | Update id=886520785 is handled. Duration 422 ms by bot id=8401290907
2026-02-15 19:14:55,636 | INFO | aiogram.event | Update id=886520786 is handled. Duration 139 ms by bot id=8401290907
2026-02-15 19:14:56,803 | INFO | aiogram.event | Update id=886520787 is handled. Duration 156 ms by bot id=8401290907
2026-02-15 19:14:57,938 | INFO | aiogram.event | Update id=886520788 is handled. Duration 327 ms by bot id=8401290907
2026-02-15 19:15:00,647 | INFO | aiogram.event | Update id=886520789 is handled. Duration 140 ms by bot id=8401290907
2026-02-15 19:16:17,983 | INFO | aiogram.event | Update id=886520790 is handled. Duration 358 ms by bot id=8401290907
2026-02-15 19:16:19,789 | INFO | aiogram.event | Update id=886520791 is handled. Duration 202 ms by bot id=8401290907
2026-02-15 19:16:20,919 | INFO | aiogram.event | Update id=886520792 is handled. Duration 188 ms by bot id=8401290907
2026-02-15 19:16:22,027 | INFO | aiogram.event | Update id=886520793 is handled. Duration 140 ms by bot id=8401290907
2026-02-15 19:16:23,015 | INFO | aiogram.event | Update id=886520794 is handled. Duration 202 ms by bot id=8401290907
2026-02-15 19:16:28,105 | INFO | aiogram.event | Update id=886520795 is handled. Duration 125 ms by bot id=8401290907
2026-02-15 19:16:29,508 | INFO | aiogram.event | Update id=886520796 is handled. Duration 139 ms by bot id=8401290907
2026-02-15 19:18:37,195 | INFO | aiogram.dispatcher | Start polling
2026-02-15 19:18:37,291 | INFO | aiogram.dispatcher | Run polling for bot @UJ_UNIVER_bot id=8401290907 - 'UJ_UNIVER'
2026-02-15 19:18:47,817 | INFO | aiogram.event | Update id=886520797 is handled. Duration 422 ms by bot id=8401290907
2026-02-15 19:18:48,743 | INFO | aiogram.event | Update id=886520798 is handled. Duration 125 ms by bot id=8401290907
2026-02-15 19:18:50,160 | INFO | aiogram.event | Update id=886520799 is handled. Duration 125 ms by bot id=8401290907
2026-02-15 19:18:51,160 | INFO | aiogram.event | Update id=886520800 is handled. Duration 281 ms by bot id=8401290907
2026-02-15 19:18:54,252 | INFO | aiogram.event | Update id=886520802 is not handled. Duration 31 ms by bot id=8401290907
2026-02-15 19:18:54,361 | INFO | aiogram.event | Update id=886520801 is handled. Duration 280 ms by bot id=8401290907
2026-02-15 19:19:14,249 | INFO | aiogram.event | Update id=886520803 is handled. Duration 531 ms by bot id=8401290907
2026-02-15 19:19:14,286 | INFO | aiogram.event | Update id=886520804 is handled. Duration 577 ms by bot id=8401290907
2026-02-15 19:19:30,839 | INFO | aiogram.event | Update id=886520805 is handled. Duration 328 ms by bot id=8401290907
2026-02-15 19:19:30,926 | INFO | aiogram.event | Update id=886520806 is handled. Duration 328 ms by bot id=8401290907
2026-02-15 19:19:32,929 | INFO | aiogram.event | Update id=886520807 is handled. Duration 281 ms by bot id=8401290907
2026-02-15 19:19:34,322 | INFO | aiogram.event | Update id=886520808 is handled. Duration 375 ms by bot id=8401290907
2026-02-15 19:19:45,680 | INFO | aiogram.event | Update id=886520809 is handled. Duration 125 ms by bot id=8401290907
2026-02-15 19:19:46,675 | INFO | aiogram.event | Update id=886520810 is handled. Duration 234 ms by bot id=8401290907
2026-02-15 19:20:06,423 | INFO | aiogram.event | Update id=886520811 is not handled. Duration 15 ms by bot id=8401290907
2026-02-15 19:20:09,672 | INFO | aiogram.event | Update id=886520812 is handled. Duration 421 ms by bot id=8401290907
2026-02-15 19:20:14,664 | INFO | aiogram.event | Update id=886520813 is handled. Duration 281 ms by bot id=8401290907
2026-02-15 19:20:23,442 | INFO | aiogram.event | Update id=886520814 is handled. Duration 188 ms by bot id=8401290907
2026-02-15 19:20:29,846 | INFO | aiogram.event | Update id=886520815 is handled. Duration 172 ms by bot id=8401290907
2026-02-15 19:20:37,094 | INFO | aiogram.event | Update id=886520816 is handled. Duration 281 ms by bot id=8401290907
2026-02-15 19:20:44,205 | INFO | aiogram.event | Update id=886520817 is handled. Duration 250 ms by bot id=8401290907
2026-02-15 19:21:14,491 | INFO | aiogram.event | Update id=886520818 is handled. Duration 328 ms by bot id=8401290907
2026-02-15 19:21:16,249 | INFO | aiogram.event | Update id=886520819 is handled. Duration 141 ms by bot id=8401290907
2026-02-15 19:21:17,244 | INFO | aiogram.event | Update id=886520820 is handled. Duration 125 ms by bot id=8401290907
2026-02-15 19:21:18,070 | INFO | aiogram.event | Update id=886520821 is handled. Duration 125 ms by bot id=8401290907
2026-02-15 19:21:18,983 | INFO | aiogram.event | Update id=886520822 is handled. Duration 125 ms by bot id=8401290907
2026-02-15 19:21:19,953 | INFO | aiogram.event | Update id=886520823 is handled. Duration 125 ms by bot id=8401290907
2026-02-15 19:21:21,590 | INFO | aiogram.event | Update id=886520824 is handled. Duration 140 ms by bot id=8401290907
2026-02-15 19:22:59,923 | INFO | aiogram.event | Update id=886520825 is handled. Duration 390 ms by bot id=8401290907
2026-02-15 19:23:01,245 | INFO | aiogram.event | Update id=886520826 is handled. Duration 235 ms by bot id=8401290907
2026-02-15 19:23:10,281 | INFO | aiogram.event | Update id=886520828 is not handled. Duration 15 ms by bot id=8401290907
2026-02-15 19:23:10,414 | INFO | aiogram.event | Update id=886520827 is handled. Duration 313 ms by bot id=8401290907
2026-02-15 19:23:12,429 | INFO | aiogram.event | Update id=886520829 is handled. Duration 140 ms by bot id=8401290907
2026-02-15 19:23:13,900 | INFO | aiogram.event | Update id=886520830 is handled. Duration 265 ms by bot id=8401290907
2026-02-15 19:23:18,730 | INFO | aiogram.event | Update id=886520832 is not handled. Duration 30 ms by bot id=8401290907
2026-02-15 19:23:18,897 | INFO | aiogram.event | Update id=886520831 is handled. Duration 327 ms by bot id=8401290907
2026-02-15 19:23:21,305 | INFO | aiogram.event | Update id=886520833 is handled. Duration 186 ms by bot id=8401290907
2026-02-15 19:23:22,824 | INFO | aiogram.event | Update id=886520834 is handled. Duration 422 ms by bot id=8401290907
2026-02-15 19:23:30,564 | INFO | aiogram.event | Update id=886520836 is not handled. Duration 15 ms by bot id=8401290907
2026-02-15 19:23:30,733 | INFO | aiogram.event | Update id=886520835 is handled. Duration 452 ms by bot id=8401290907
2026-02-15 19:23:32,986 | INFO | aiogram.event | Update id=886520837 is handled. Duration 139 ms by bot id=8401290907
2026-02-15 19:23:34,522 | INFO | aiogram.event | Update id=886520838 is handled. Duration 280 ms by bot id=8401290907
2026-02-15 19:50:27,502 | INFO | aiogram.dispatcher | Start polling
2026-02-15 19:50:27,601 | INFO | aiogram.dispatcher | Run polling for bot @UJ_UNIVER_bot id=8401290907 - 'UJ_UNIVER'
2026-02-15 19:50:42,722 | INFO | aiogram.event | Update id=886520839 is handled. Duration 360 ms by bot id=8401290907
2026-02-15 19:50:45,278 | INFO | aiogram.event | Update id=886520840 is handled. Duration 296 ms by bot id=8401290907
2026-02-15 19:50:47,362 | INFO | aiogram.event | Update id=886520841 is handled. Duration 235 ms by bot id=8401290907
2026-02-15 19:50:48,933 | INFO | aiogram.event | Update id=886520842 is handled. Duration 188 ms by bot id=8401290907
2026-02-15 19:50:50,182 | INFO | aiogram.event | Update id=886520843 is handled. Duration 250 ms by bot id=8401290907
2026-02-15 19:50:51,147 | INFO | aiogram.event | Update id=886520844 is handled. Duration 250 ms by bot id=8401290907
2026-02-15 19:50:57,863 | INFO | aiogram.event | Update id=886520845 is handled. Duration 250 ms by bot id=8401290907
2026-02-15 19:50:59,271 | INFO | aiogram.event | Update id=886520846 is handled. Duration 375 ms by bot id=8401290907
2026-02-15 19:51:00,061 | INFO | aiogram.event | Update id=886520847 is handled. Duration 125 ms by bot id=8401290907
2026-02-15 19:51:01,179 | INFO | aiogram.event | Update id=886520848 is handled. Duration 250 ms by bot id=8401290907
2026-02-15 19:51:03,158 | INFO | aiogram.event | Update id=886520849 is handled. Duration 359 ms by bot id=8401290907
2026-02-15 19:51:04,373 | INFO | aiogram.event | Update id=886520850 is handled. Duration 468 ms by bot id=8401290907
2026-02-15 19:51:05,231 | INFO | aiogram.event | Update id=886520851 is handled. Duration 140 ms by bot id=8401290907
2026-02-15 19:51:06,407 | INFO | aiogram.event | Update id=886520852 is handled. Duration 327 ms by bot id=8401290907
2026-02-15 19:51:08,046 | INFO | aiogram.event | Update id=886520853 is handled. Duration 530 ms by bot id=8401290907
2026-02-15 19:51:09,326 | INFO | aiogram.event | Update id=886520854 is handled. Duration 531 ms by bot id=8401290907
2026-02-15 19:51:17,117 | INFO | aiogram.event | Update id=886520855 is handled. Duration 155 ms by bot id=8401290907
2026-02-15 19:51:19,412 | INFO | aiogram.event | Update id=886520856 is handled. Duration 297 ms by bot id=8401290907
2026-02-15 19:51:20,752 | INFO | aiogram.event | Update id=886520857 is handled. Duration 389 ms by bot id=8401290907
2026-02-15 19:51:25,985 | INFO | aiogram.event | Update id=886520858 is handled. Duration 125 ms by bot id=8401290907
2026-02-15 19:51:33,860 | INFO | aiogram.event | Update id=886520859 is handled. Duration 172 ms by bot id=8401290907
2026-02-15 19:51:35,779 | INFO | aiogram.event | Update id=886520860 is handled. Duration 452 ms by bot id=8401290907
2026-02-15 19:51:41,316 | INFO | aiogram.event | Update id=886520861 is handled. Duration 140 ms by bot id=8401290907
2026-02-15 19:51:49,733 | INFO | aiogram.event | Update id=886520862 is handled. Duration 140 ms by bot id=8401290907
2026-02-15 19:51:59,172 | INFO | aiogram.event | Update id=886520863 is handled. Duration 155 ms by bot id=8401290907
2026-02-15 19:52:36,234 | INFO | aiogram.event | Update id=886520864 is handled. Duration 328 ms by bot id=8401290907
2026-02-15 19:52:37,678 | INFO | aiogram.event | Update id=886520865 is handled. Duration 234 ms by bot id=8401290907
2026-02-15 19:52:44,246 | INFO | aiogram.event | Update id=886520867 is not handled. Duration 14 ms by bot id=8401290907
2026-02-15 19:52:44,370 | INFO | aiogram.event | Update id=886520866 is handled. Duration 311 ms by bot id=8401290907
2026-02-15 19:52:44,838 | INFO | aiogram.event | Update id=886520868 is handled. Duration 500 ms by bot id=8401290907
2026-02-15 19:53:34,492 | INFO | aiogram.event | Update id=886520869 is handled. Duration 327 ms by bot id=8401290907
2026-02-15 19:53:35,688 | INFO | aiogram.event | Update id=886520870 is handled. Duration 265 ms by bot id=8401290907
2026-02-15 19:53:37,150 | INFO | aiogram.event | Update id=886520871 is handled. Duration 406 ms by bot id=8401290907
2026-02-15 19:53:37,915 | INFO | aiogram.event | Update id=886520872 is handled. Duration 125 ms by bot id=8401290907
2026-02-15 19:53:42,757 | INFO | aiogram.event | Update id=886520873 is handled. Duration 203 ms by bot id=8401290907
2026-02-15 19:53:54,232 | INFO | aiogram.event | Update id=886520874 is handled. Duration 140 ms by bot id=8401290907
2026-02-15 19:53:55,556 | INFO | aiogram.event | Update id=886520875 is handled. Duration 156 ms by bot id=8401290907
2026-02-15 19:53:56,393 | INFO | aiogram.event | Update id=886520876 is handled. Duration 125 ms by bot id=8401290907
2026-02-15 19:53:57,536 | INFO | aiogram.event | Update id=886520877 is handled. Duration 234 ms by bot id=8401290907
2026-02-15 19:53:58,516 | INFO | aiogram.event | Update id=886520878 is handled. Duration 281 ms by bot id=8401290907
2026-02-15 19:54:03,408 | INFO | aiogram.event | Update id=886520879 is not handled. Duration 14 ms by bot id=8401290907
2026-02-15 19:54:11,311 | INFO | aiogram.event | Update id=886520880 is handled. Duration 125 ms by bot id=8401290907
2026-02-15 19:54:12,692 | INFO | aiogram.event | Update id=886520881 is handled. Duration 125 ms by bot id=8401290907
2026-02-15 19:54:13,696 | INFO | aiogram.event | Update id=886520882 is handled. Duration 140 ms by bot id=8401290907
2026-02-15 19:54:14,834 | INFO | aiogram.event | Update id=886520883 is handled. Duration 219 ms by bot id=8401290907
2026-02-15 19:54:16,281 | INFO | aiogram.event | Update id=886520884 is handled. Duration 281 ms by bot id=8401290907
2026-02-15 19:54:20,149 | INFO | aiogram.event | Update id=886520885 is not handled. Duration 14 ms by bot id=8401290907
2026-02-15 19:54:23,851 | INFO | aiogram.event | Update id=886520886 is handled. Duration 188 ms by bot id=8401290907
2026-02-15 19:54:25,502 | INFO | aiogram.event | Update id=886520887 is handled. Duration 218 ms by bot id=8401290907
2026-02-15 19:54:26,494 | INFO | aiogram.event | Update id=886520888 is handled. Duration 233 ms by bot id=8401290907
2026-02-15 19:54:30,153 | INFO | aiogram.event | Update id=886520889 is not handled. Duration 14 ms by bot id=8401290907
2026-02-15 19:54:33,889 | INFO | aiogram.event | Update id=886520890 is handled. Duration 141 ms by bot id=8401290907
2026-02-15 19:54:34,861 | INFO | aiogram.event | Update id=886520891 is handled. Duration 218 ms by bot id=8401290907
2026-02-15 19:54:35,682 | INFO | aiogram.event | Update id=886520892 is handled. Duration 234 ms by bot id=8401290907
2026-02-15 19:54:37,961 | INFO | aiogram.event | Update id=886520893 is handled. Duration 125 ms by bot id=8401290907
2026-02-15 19:54:39,040 | INFO | aiogram.event | Update id=886520894 is handled. Duration 234 ms by bot id=8401290907
2026-02-15 19:54:39,952 | INFO | aiogram.event | Update id=886520895 is handled. Duration 234 ms by bot id=8401290907
2026-02-15 19:54:41,658 | INFO | aiogram.event | Update id=886520896 is handled. Duration 125 ms by bot id=8401290907
2026-02-15 19:54:43,143 | INFO | aiogram.event | Update id=886520897 is handled. Duration 110 ms by bot id=8401290907
2026-02-15 19:54:44,484 | INFO | aiogram.event | Update id=886520898 is handled. Duration 140 ms by bot id=8401290907
2026-02-15 19:54:45,909 | INFO | aiogram.event | Update id=886520899 is handled. Duration 375 ms by bot id=8401290907
2026-02-15 19:54:46,687 | INFO | aiogram.event | Update id=886520900 is not handled. Duration 15 ms by bot id=8401290907
2026-02-15 19:54:47,871 | INFO | aiogram.event | Update id=886520901 is handled. Duration 139 ms by bot id=8401290907
2026-02-15 19:54:49,268 | INFO | aiogram.event | Update id=886520902 is handled. Duration 297 ms by bot id=8401290907
2026-02-15 19:54:50,170 | INFO | aiogram.event | Update id=886520903 is handled. Duration 218 ms by bot id=8401290907
2026-02-15 19:54:51,909 | INFO | aiogram.event | Update id=886520904 is handled. Duration 125 ms by bot id=8401290907
2026-02-15 19:54:53,329 | INFO | aiogram.event | Update id=886520905 is handled. Duration 125 ms by bot id=8401290907
2026-02-15 19:54:54,643 | INFO | aiogram.event | Update id=886520906 is handled. Duration 125 ms by bot id=8401290907
2026-02-15 19:54:56,479 | INFO | aiogram.event | Update id=886520907 is handled. Duration 235 ms by bot id=8401290907
2026-02-15 19:54:57,482 | INFO | aiogram.event | Update id=886520908 is handled. Duration 235 ms by bot id=8401290907
2026-02-15 19:55:08,178 | INFO | aiogram.event | Update id=886520909 is not handled. Duration 15 ms by bot id=8401290907
2026-02-15 19:55:16,610 | INFO | aiogram.event | Update id=886520910 is handled. Duration 328 ms by bot id=8401290907
2026-02-15 19:55:18,125 | INFO | aiogram.event | Update id=886520911 is handled. Duration 343 ms by bot id=8401290907
2026-02-15 19:55:18,970 | INFO | aiogram.event | Update id=886520912 is handled. Duration 265 ms by bot id=8401290907
2026-02-15 19:55:23,872 | INFO | aiogram.event | Update id=886520913 is not handled. Duration 14 ms by bot id=8401290907
2026-02-15 19:56:27,829 | INFO | aiogram.event | Update id=886520915 is not handled. Duration 15 ms by bot id=8401290907
2026-02-15 19:56:27,936 | INFO | aiogram.event | Update id=886520914 is handled. Duration 484 ms by bot id=8401290907
2026-02-15 19:56:36,402 | INFO | aiogram.event | Update id=886520916 is handled. Duration 125 ms by bot id=8401290907
2026-02-15 19:56:38,431 | INFO | aiogram.event | Update id=886520917 is handled. Duration 125 ms by bot id=8401290907
2026-02-15 19:56:40,015 | INFO | aiogram.event | Update id=886520918 is handled. Duration 141 ms by bot id=8401290907
2026-02-15 19:56:41,387 | INFO | aiogram.event | Update id=886520919 is handled. Duration 141 ms by bot id=8401290907
2026-02-15 19:56:43,085 | INFO | aiogram.event | Update id=886520920 is handled. Duration 797 ms by bot id=8401290907
2026-02-15 19:56:43,802 | INFO | aiogram.event | Update id=886520921 is handled. Duration 218 ms by bot id=8401290907
2026-02-15 19:56:44,814 | INFO | aiogram.event | Update id=886520922 is handled. Duration 327 ms by bot id=8401290907
2026-02-15 19:56:46,079 | INFO | aiogram.event | Update id=886520923 is handled. Duration 406 ms by bot id=8401290907
2026-02-15 19:56:47,751 | INFO | aiogram.event | Update id=886520924 is handled. Duration 125 ms by bot id=8401290907
2026-02-15 19:56:48,971 | INFO | aiogram.event | Update id=886520925 is handled. Duration 219 ms by bot id=8401290907
2026-02-15 19:56:50,142 | INFO | aiogram.event | Update id=886520926 is handled. Duration 250 ms by bot id=8401290907
2026-02-15 19:56:55,402 | INFO | aiogram.event | Update id=886520928 is not handled. Duration 14 ms by bot id=8401290907
2026-02-15 19:56:55,508 | INFO | aiogram.event | Update id=886520927 is handled. Duration 297 ms by bot id=8401290907
2026-02-15 19:57:01,028 | INFO | aiogram.event | Update id=886520929 is handled. Duration 452 ms by bot id=8401290907
2026-02-15 19:57:03,910 | INFO | aiogram.event | Update id=886520930 is handled. Duration 125 ms by bot id=8401290907
2026-02-15 19:57:05,715 | INFO | aiogram.event | Update id=886520931 is handled. Duration 125 ms by bot id=8401290907
2026-02-15 19:57:06,925 | INFO | aiogram.event | Update id=886520932 is handled. Duration 125 ms by bot id=8401290907
2026-02-15 19:57:08,219 | INFO | aiogram.event | Update id=886520933 is handled. Duration 125 ms by bot id=8401290907
2026-02-15 19:57:09,303 | INFO | aiogram.event | Update id=886520934 is handled. Duration 234 ms by bot id=8401290907
2026-02-15 19:57:10,137 | INFO | aiogram.event | Update id=886520935 is handled. Duration 250 ms by bot id=8401290907
2026-02-15 19:57:10,919 | INFO | aiogram.event | Update id=886520936 is handled. Duration 234 ms by bot id=8401290907
2026-02-15 19:57:12,001 | INFO | aiogram.event | Update id=886520937 is handled. Duration 468 ms by bot id=8401290907
2026-02-15 19:57:15,440 | INFO | aiogram.event | Update id=886520938 is handled. Duration 125 ms by bot id=8401290907
2026-02-15 19:57:17,521 | INFO | aiogram.event | Update id=886520939 is handled. Duration 125 ms by bot id=8401290907
2026-02-15 19:57:18,640 | INFO | aiogram.event | Update id=886520940 is handled. Duration 235 ms by bot id=8401290907
2026-02-15 19:57:19,465 | INFO | aiogram.event | Update id=886520941 is handled. Duration 234 ms by bot id=8401290907
2026-02-15 19:57:20,375 | INFO | aiogram.event | Update id=886520942 is handled. Duration 233 ms by bot id=8401290907
2026-02-15 19:57:26,071 | INFO | aiogram.event | Update id=886520943 is handled. Duration 140 ms by bot id=8401290907
2026-02-15 19:57:39,027 | INFO | aiogram.event | Update id=886520944 is handled. Duration 4952 ms by bot id=8401290907
2026-02-15 19:57:39,706 | INFO | aiogram.event | Update id=886520945 is handled. Duration 125 ms by bot id=8401290907
2026-02-15 19:57:44,085 | INFO | aiogram.event | Update id=886520946 is handled. Duration 125 ms by bot id=8401290907
2026-02-15 19:57:45,310 | INFO | aiogram.event | Update id=886520947 is handled. Duration 171 ms by bot id=8401290907
2026-02-15 19:57:47,373 | INFO | aiogram.event | Update id=886520948 is handled. Duration 125 ms by bot id=8401290907
2026-02-15 20:16:43,114 | INFO | aiogram.dispatcher | Start polling
2026-02-15 20:16:43,214 | INFO | aiogram.dispatcher | Run polling for bot @UJ_UNIVER_bot id=8401290907 - 'UJ_UNIVER'
2026-02-15 20:16:52,464 | INFO | aiogram.event | Update id=886520949 is handled. Duration 343 ms by bot id=8401290907
2026-02-15 20:16:53,488 | INFO | aiogram.event | Update id=886520950 is handled. Duration 140 ms by bot id=8401290907
2026-02-15 20:16:54,559 | INFO | aiogram.event | Update id=886520951 is handled. Duration 140 ms by bot id=8401290907
2026-02-15 20:16:55,748 | INFO | aiogram.event | Update id=886520952 is handled. Duration 250 ms by bot id=8401290907
2026-02-15 20:16:56,568 | INFO | aiogram.event | Update id=886520953 is handled. Duration 235 ms by bot id=8401290907
2026-02-15 20:16:59,849 | INFO | aiogram.event | Update id=886520954 is not handled. Duration 15 ms by bot id=8401290907
2026-02-15 20:17:07,200 | INFO | aiogram.event | Update id=886520955 is not handled. Duration 14 ms by bot id=8401290907
2026-02-15 20:17:09,570 | INFO | aiogram.event | Update id=886520956 is handled. Duration 157 ms by bot id=8401290907
2026-02-15 20:17:10,692 | INFO | aiogram.event | Update id=886520957 is handled. Duration 235 ms by bot id=8401290907
2026-02-15 20:17:11,785 | INFO | aiogram.event | Update id=886520958 is handled. Duration 233 ms by bot id=8401290907
2026-02-15 20:17:15,018 | INFO | aiogram.event | Update id=886520959 is not handled. Duration 15 ms by bot id=8401290907
2026-02-15 20:17:17,272 | INFO | aiogram.event | Update id=886520960 is handled. Duration 125 ms by bot id=8401290907
2026-02-15 20:17:18,353 | INFO | aiogram.event | Update id=886520961 is handled. Duration 250 ms by bot id=8401290907
2026-02-15 20:17:19,329 | INFO | aiogram.event | Update id=886520962 is handled. Duration 359 ms by bot id=8401290907
2026-02-15 20:17:24,588 | INFO | aiogram.event | Update id=886520963 is not handled. Duration 0 ms by bot id=8401290907
2026-02-15 20:17:29,006 | INFO | aiogram.event | Update id=886520964 is handled. Duration 155 ms by bot id=8401290907
2026-02-15 20:17:30,307 | INFO | aiogram.event | Update id=886520965 is handled. Duration 172 ms by bot id=8401290907
2026-02-15 20:17:31,606 | INFO | aiogram.event | Update id=886520966 is handled. Duration 140 ms by bot id=8401290907
2026-02-15 20:17:32,726 | INFO | aiogram.event | Update id=886520967 is handled. Duration 219 ms by bot id=8401290907
2026-02-15 20:17:33,831 | INFO | aiogram.event | Update id=886520968 is handled. Duration 297 ms by bot id=8401290907
2026-02-15 20:17:36,984 | INFO | aiogram.event | Update id=886520969 is not handled. Duration 15 ms by bot id=8401290907
2026-02-15 20:17:40,527 | INFO | aiogram.event | Update id=886520970 is handled. Duration 139 ms by bot id=8401290907
2026-02-15 20:17:41,549 | INFO | aiogram.event | Update id=886520971 is handled. Duration 250 ms by bot id=8401290907
2026-02-15 20:17:42,407 | INFO | aiogram.event | Update id=886520972 is handled. Duration 233 ms by bot id=8401290907
2026-02-15 20:19:21,603 | INFO | aiogram.event | Update id=886520973 is handled. Duration 328 ms by bot id=8401290907
2026-02-15 20:19:22,589 | INFO | aiogram.event | Update id=886520974 is handled. Duration 125 ms by bot id=8401290907
2026-02-15 20:19:23,914 | INFO | aiogram.event | Update id=886520975 is handled. Duration 139 ms by bot id=8401290907
2026-02-15 20:19:25,704 | INFO | aiogram.event | Update id=886520976 is handled. Duration 155 ms by bot id=8401290907
2026-02-15 20:19:28,875 | INFO | aiogram.event | Update id=886520977 is handled. Duration 125 ms by bot id=8401290907
2026-02-15 20:19:31,093 | INFO | aiogram.event | Update id=886520978 is handled. Duration 155 ms by bot id=8401290907
2026-02-15 20:19:32,262 | INFO | aiogram.event | Update id=886520979 is handled. Duration 421 ms by bot id=8401290907
2026-02-15 20:19:33,056 | INFO | aiogram.event | Update id=886520980 is handled. Duration 266 ms by bot id=8401290907
2026-02-15 20:19:34,328 | INFO | aiogram.event | Update id=886520981 is handled. Duration 155 ms by bot id=8401290907
2026-02-15 20:19:35,454 | INFO | aiogram.event | Update id=886520982 is handled. Duration 264 ms by bot id=8401290907
2026-02-15 20:19:36,261 | INFO | aiogram.event | Update id=886520983 is handled. Duration 234 ms by bot id=8401290907
2026-02-15 20:19:40,297 | INFO | aiogram.event | Update id=886520984 is not handled. Duration 16 ms by bot id=8401290907
2026-02-15 20:19:43,335 | INFO | aiogram.event | Update id=886520985 is handled. Duration 139 ms by bot id=8401290907
2026-02-15 20:19:45,483 | INFO | aiogram.event | Update id=886520986 is handled. Duration 140 ms by bot id=8401290907
2026-02-15 20:19:46,823 | INFO | aiogram.event | Update id=886520987 is handled. Duration 235 ms by bot id=8401290907
2026-02-15 20:19:47,664 | INFO | aiogram.event | Update id=886520988 is handled. Duration 217 ms by bot id=8401290907
2026-02-15 20:19:48,460 | INFO | aiogram.event | Update id=886520989 is handled. Duration 139 ms by bot id=8401290907
2026-02-15 20:19:49,970 | INFO | aiogram.event | Update id=886520990 is handled. Duration 234 ms by bot id=8401290907
2026-02-15 20:19:50,794 | INFO | aiogram.event | Update id=886520991 is handled. Duration 250 ms by bot id=8401290907
2026-02-15 20:19:53,276 | INFO | aiogram.event | Update id=886520992 is not handled. Duration 0 ms by bot id=8401290907
2026-02-15 20:32:20,937 | INFO | aiogram.dispatcher | Start polling
2026-02-15 20:32:21,034 | INFO | aiogram.dispatcher | Run polling for bot @UJ_UNIVER_bot id=8401290907 - 'UJ_UNIVER'
2026-02-15 20:32:30,773 | INFO | aiogram.event | Update id=886520993 is handled. Duration 375 ms by bot id=8401290907
2026-02-15 20:32:31,892 | INFO | aiogram.event | Update id=886520994 is handled. Duration 280 ms by bot id=8401290907
2026-02-15 20:32:32,679 | INFO | aiogram.event | Update id=886520995 is handled. Duration 250 ms by bot id=8401290907
2026-02-15 20:32:35,657 | INFO | aiogram.event | Update id=886520997 is not handled. Duration 30 ms by bot id=8401290907
2026-02-15 20:32:35,898 | INFO | aiogram.event | Update id=886520996 is handled. Duration 468 ms by bot id=8401290907
2026-02-15 20:32:44,097 | INFO | aiogram.event | Update id=886520998 is handled. Duration 453 ms by bot id=8401290907
2026-02-15 20:32:45,923 | INFO | aiogram.event | Update id=886520999 is handled. Duration 203 ms by bot id=8401290907
2026-02-15 20:32:47,180 | INFO | aiogram.event | Update id=886521000 is handled. Duration 266 ms by bot id=8401290907
2026-02-15 20:32:48,520 | INFO | aiogram.event | Update id=886521001 is handled. Duration 280 ms by bot id=8401290907
2026-02-15 20:32:49,957 | INFO | aiogram.event | Update id=886521002 is handled. Duration 264 ms by bot id=8401290907
2026-02-15 20:32:54,629 | INFO | aiogram.event | Update id=886521003 is handled. Duration 452 ms by bot id=8401290907
2026-02-15 20:33:00,801 | INFO | aiogram.event | Update id=886521004 is handled. Duration 203 ms by bot id=8401290907
2026-02-15 20:33:02,024 | INFO | aiogram.event | Update id=886521005 is handled. Duration 140 ms by bot id=8401290907
2026-02-15 20:33:03,114 | INFO | aiogram.event | Update id=886521006 is handled. Duration 171 ms by bot id=8401290907
2026-02-15 20:33:04,617 | INFO | aiogram.event | Update id=886521007 is handled. Duration 594 ms by bot id=8401290907
2026-02-15 20:33:05,506 | INFO | aiogram.event | Update id=886521008 is handled. Duration 264 ms by bot id=8401290907
2026-02-15 20:33:11,430 | INFO | aiogram.event | Update id=886521010 is not handled. Duration 31 ms by bot id=8401290907
2026-02-15 20:33:11,552 | INFO | aiogram.event | Update id=886521009 is handled. Duration 328 ms by bot id=8401290907
2026-02-15 20:33:15,878 | INFO | aiogram.event | Update id=886521011 is handled. Duration 469 ms by bot id=8401290907
2026-02-15 20:33:32,022 | INFO | aiogram.event | Update id=886521012 is handled. Duration 343 ms by bot id=8401290907
2026-02-15 20:33:37,355 | INFO | aiogram.event | Update id=886521013 is handled. Duration 140 ms by bot id=8401290907
2026-02-15 20:33:39,342 | INFO | aiogram.event | Update id=886521014 is handled. Duration 187 ms by bot id=8401290907
2026-02-15 20:33:40,799 | INFO | aiogram.event | Update id=886521015 is handled. Duration 250 ms by bot id=8401290907
2026-02-15 20:33:44,464 | INFO | aiogram.event | Update id=886521016 is handled. Duration 139 ms by bot id=8401290907
2026-02-15 20:33:44,746 | INFO | aiogram.event | Update id=886521017 is handled. Duration 140 ms by bot id=8401290907
2026-02-15 20:33:45,513 | INFO | aiogram.event | Update id=886521018 is handled. Duration 139 ms by bot id=8401290907
2026-02-15 20:33:51,513 | INFO | aiogram.event | Update id=886521019 is handled. Duration 125 ms by bot id=8401290907
2026-02-15 20:33:52,551 | INFO | aiogram.event | Update id=886521020 is handled. Duration 250 ms by bot id=8401290907
2026-02-15 20:33:54,525 | INFO | aiogram.event | Update id=886521021 is handled. Duration 125 ms by bot id=8401290907
2026-02-15 20:33:57,107 | INFO | aiogram.event | Update id=886521022 is handled. Duration 155 ms by bot id=8401290907
2026-02-15 20:34:01,000 | INFO | aiogram.event | Update id=886521023 is handled. Duration 139 ms by bot id=8401290907
2026-02-15 20:34:04,031 | INFO | aiogram.event | Update id=886521024 is handled. Duration 139 ms by bot id=8401290907
2026-02-15 20:34:05,504 | INFO | aiogram.event | Update id=886521025 is handled. Duration 139 ms by bot id=8401290907
2026-02-15 20:34:09,029 | INFO | aiogram.event | Update id=886521026 is handled. Duration 125 ms by bot id=8401290907
2026-02-15 20:34:11,148 | INFO | aiogram.event | Update id=886521027 is handled. Duration 125 ms by bot id=8401290907
2026-02-15 20:34:12,311 | INFO | aiogram.event | Update id=886521028 is handled. Duration 125 ms by bot id=8401290907
2026-02-15 20:34:14,248 | INFO | aiogram.event | Update id=886521029 is handled. Duration 140 ms by bot id=8401290907
2026-02-15 20:34:15,228 | INFO | aiogram.event | Update id=886521030 is handled. Duration 125 ms by bot id=8401290907
2026-02-15 20:34:16,345 | INFO | aiogram.event | Update id=886521031 is handled. Duration 140 ms by bot id=8401290907
2026-02-15 20:34:17,411 | INFO | aiogram.event | Update id=886521032 is handled. Duration 139 ms by bot id=8401290907
2026-02-15 20:34:19,073 | INFO | aiogram.event | Update id=886521033 is handled. Duration 140 ms by bot id=8401290907
2026-02-15 20:34:25,935 | INFO | aiogram.event | Update id=886521034 is handled. Duration 5422 ms by bot id=8401290907
2026-02-15 20:34:36,265 | INFO | aiogram.event | Update id=886521035 is handled. Duration 296 ms by bot id=8401290907
2026-02-15 20:34:37,699 | INFO | aiogram.event | Update id=886521036 is handled. Duration 375 ms by bot id=8401290907
2026-02-15 20:34:42,240 | INFO | aiogram.event | Update id=886521037 is handled. Duration 140 ms by bot id=8401290907
2026-02-15 20:34:56,652 | INFO | aiogram.event | Update id=886521038 is handled. Duration 155 ms by bot id=8401290907
2026-02-15 20:35:08,062 | INFO | aiogram.event | Update id=886521039 is handled. Duration 140 ms by bot id=8401290907
2026-02-15 20:35:11,248 | INFO | aiogram.event | Update id=886521040 is handled. Duration 765 ms by bot id=8401290907
2026-02-15 20:35:12,482 | INFO | aiogram.event | Update id=886521041 is handled. Duration 280 ms by bot id=8401290907
2026-02-15 20:35:40,561 | INFO | aiogram.event | Update id=886521042 is handled. Duration 344 ms by bot id=8401290907
2026-02-15 20:35:42,230 | INFO | aiogram.event | Update id=886521043 is handled. Duration 500 ms by bot id=8401290907
2026-02-15 20:35:43,589 | INFO | aiogram.event | Update id=886521044 is handled. Duration 264 ms by bot id=8401290907
2026-02-15 20:35:44,504 | INFO | aiogram.event | Update id=886521045 is handled. Duration 250 ms by bot id=8401290907
2026-02-15 20:35:45,996 | INFO | aiogram.event | Update id=886521046 is handled. Duration 235 ms by bot id=8401290907
2026-02-15 20:35:51,033 | INFO | aiogram.event | Update id=886521047 is handled. Duration 4045 ms by bot id=8401290907
2026-02-15 20:35:54,285 | INFO | aiogram.event | Update id=886521048 is handled. Duration 389 ms by bot id=8401290907
2026-02-15 20:35:55,463 | INFO | aiogram.event | Update id=886521049 is not handled. Duration 14 ms by bot id=8401290907
2026-02-15 20:36:54,745 | INFO | aiogram.event | Update id=886521050 is not handled. Duration 454 ms by bot id=8401290907
2026-02-15 20:36:54,746 | ERROR | aiogram.event | Cause exception while process update id=886521050 by bot id=8401290907
RuntimeError: This method is not mounted to a any bot instance, please call it explicilty with bot instance `await bot(method)`
or mount method to a bot instance `method.as_(bot)` and then call it `await method()`
Traceback (most recent call last):
  File "C:\Users\user\AppData\Local\Programs\Python\Python311\Lib\site-packages\aiogram\dispatcher\dispatcher.py", line 309, in _process_update
    response = await self.feed_update(bot, update, **kwargs)
               ^^^^^^^^^^^^^^^^^^^^^^^^^^^^^^^^^^^^^^^^^^^^^
  File "C:\Users\user\AppData\Local\Programs\Python\Python311\Lib\site-packages\aiogram\dispatcher\dispatcher.py", line 158, in feed_update
    response = await self.update.wrap_outer_middleware(
               ^^^^^^^^^^^^^^^^^^^^^^^^^^^^^^^^^^^^^^^^
  File "C:\Users\user\AppData\Local\Programs\Python\Python311\Lib\site-packages\aiogram\dispatcher\middlewares\error.py", line 25, in __call__
    return await handler(event, data)
           ^^^^^^^^^^^^^^^^^^^^^^^^^^
  File "C:\Users\user\AppData\Local\Programs\Python\Python311\Lib\site-packages\aiogram\dispatcher\middlewares\user_context.py", line 49, in __call__
    return await handler(event, data)
           ^^^^^^^^^^^^^^^^^^^^^^^^^^
  File "C:\Users\user\AppData\Local\Programs\Python\Python311\Lib\contextlib.py", line 222, in __aexit__
    await self.gen.athrow(typ, value, traceback)
  File "C:\Users\user\AppData\Local\Programs\Python\Python311\Lib\site-packages\aiogram\fsm\storage\memory.py", line 56, in lock
    yield
  File "C:\Users\user\AppData\Local\Programs\Python\Python311\Lib\site-packages\aiogram\fsm\middleware.py", line 42, in __call__
    return await handler(event, data)
           ^^^^^^^^^^^^^^^^^^^^^^^^^^
  File "C:\Users\user\AppData\Local\Programs\Python\Python311\Lib\site-packages\aiogram\dispatcher\event\telegram.py", line 121, in trigger
    return await wrapped_inner(event, kwargs)
           ^^^^^^^^^^^^^^^^^^^^^^^^^^^^^^^^^^
  File "C:\Users\user\AppData\Local\Programs\Python\Python311\Lib\site-packages\aiogram\dispatcher\event\handler.py", line 43, in call
    return await wrapped()
           ^^^^^^^^^^^^^^^
  File "C:\Users\user\AppData\Local\Programs\Python\Python311\Lib\site-packages\aiogram\dispatcher\dispatcher.py", line 276, in _listen_update
    return await self.propagate_event(update_type=update_type, event=event, **kwargs)
           ^^^^^^^^^^^^^^^^^^^^^^^^^^^^^^^^^^^^^^^^^^^^^^^^^^^^^^^^^^^^^^^^^^^^^^^^^^
  File "C:\Users\user\AppData\Local\Programs\Python\Python311\Lib\site-packages\aiogram\dispatcher\router.py", line 142, in propagate_event
    return await observer.wrap_outer_middleware(_wrapped, event=event, data=kwargs)
           ^^^^^^^^^^^^^^^^^^^^^^^^^^^^^^^^^^^^^^^^^^^^^^^^^^^^^^^^^^^^^^^^^^^^^^^^
  File "C:\Users\user\AppData\Local\Programs\Python\Python311\Lib\site-packages\aiogram\dispatcher\router.py", line 137, in _wrapped
    return await self._propagate_event(
           ^^^^^^^^^^^^^^^^^^^^^^^^^^^^
  File "C:\Users\user\AppData\Local\Programs\Python\Python311\Lib\site-packages\aiogram\dispatcher\router.py", line 170, in _propagate_event
    response = await router.propagate_event(update_type=update_type, event=event, **kwargs)
               ^^^^^^^^^^^^^^^^^^^^^^^^^^^^^^^^^^^^^^^^^^^^^^^^^^^^^^^^^^^^^^^^^^^^^^^^^^^^
  File "C:\Users\user\AppData\Local\Programs\Python\Python311\Lib\site-packages\aiogram\dispatcher\router.py", line 142, in propagate_event
    return await observer.wrap_outer_middleware(_wrapped, event=event, data=kwargs)
           ^^^^^^^^^^^^^^^^^^^^^^^^^^^^^^^^^^^^^^^^^^^^^^^^^^^^^^^^^^^^^^^^^^^^^^^^
  File "C:\Users\user\AppData\Local\Programs\Python\Python311\Lib\site-packages\aiogram\dispatcher\router.py", line 137, in _wrapped
    return await self._propagate_event(
           ^^^^^^^^^^^^^^^^^^^^^^^^^^^^
  File "C:\Users\user\AppData\Local\Programs\Python\Python311\Lib\site-packages\aiogram\dispatcher\router.py", line 162, in _propagate_event
    response = await observer.trigger(event, **kwargs)
               ^^^^^^^^^^^^^^^^^^^^^^^^^^^^^^^^^^^^^^^
  File "C:\Users\user\AppData\Local\Programs\Python\Python311\Lib\site-packages\aiogram\dispatcher\event\telegram.py", line 121, in trigger
    return await wrapped_inner(event, kwargs)
           ^^^^^^^^^^^^^^^^^^^^^^^^^^^^^^^^^^
  File "C:\Users\user\AppData\Local\Programs\Python\Python311\Lib\site-packages\aiogram\dispatcher\event\handler.py", line 43, in call
    return await wrapped()
           ^^^^^^^^^^^^^^^
  File "D:\UJ_UNIVER_bot\handlers\user.py", line 936, in user_finish
    await _finish_and_show_result(bot, config, session_id, cb.from_user.id, reason="User tugatdi")
  File "D:\UJ_UNIVER_bot\handlers\user.py", line 414, in _finish_and_show_result
    await answer_and_log(
  File "D:\UJ_UNIVER_bot\helpers\tg.py", line 24, in answer_and_log
    msg = await message.answer(
          ^^^^^^^^^^^^^^^^^^^^^
  File "C:\Users\user\AppData\Local\Programs\Python\Python311\Lib\site-packages\aiogram\methods\base.py", line 89, in __await__
    raise RuntimeError(
RuntimeError: This method is not mounted to a any bot instance, please call it explicilty with bot instance `await bot(method)`
or mount method to a bot instance `method.as_(bot)` and then call it `await method()`
2026-02-15 20:37:00,418 | INFO | aiogram.event | Update id=886521051 is not handled. Duration 0 ms by bot id=8401290907
2026-02-15 20:37:04,325 | INFO | aiogram.event | Update id=886521052 is handled. Duration 125 ms by bot id=8401290907
2026-02-15 20:37:05,841 | INFO | aiogram.event | Update id=886521053 is handled. Duration 125 ms by bot id=8401290907
2026-02-15 20:37:09,035 | INFO | aiogram.event | Update id=886521054 is handled. Duration 264 ms by bot id=8401290907
2026-02-15 20:37:12,559 | INFO | aiogram.event | Update id=886521055 is handled. Duration 266 ms by bot id=8401290907
2026-02-15 20:37:13,668 | INFO | aiogram.event | Update id=886521056 is handled. Duration 250 ms by bot id=8401290907
2026-02-15 20:37:14,641 | INFO | aiogram.event | Update id=886521057 is handled. Duration 250 ms by bot id=8401290907
2026-02-15 20:37:19,149 | INFO | aiogram.event | Update id=886521058 is handled. Duration 3827 ms by bot id=8401290907
2026-02-15 20:37:20,446 | INFO | aiogram.event | Update id=886521059 is handled. Duration 265 ms by bot id=8401290907
2026-02-15 20:37:21,621 | INFO | aiogram.event | Update id=886521060 is handled. Duration 265 ms by bot id=8401290907
2026-02-15 20:37:23,128 | INFO | aiogram.event | Update id=886521061 is handled. Duration 469 ms by bot id=8401290907
2026-02-15 20:37:24,182 | INFO | aiogram.event | Update id=886521062 is not handled. Duration 16 ms by bot id=8401290907
2026-02-15 20:37:28,034 | INFO | aiogram.event | Update id=886521063 is not handled. Duration 264 ms by bot id=8401290907
2026-02-15 20:37:28,035 | ERROR | aiogram.event | Cause exception while process update id=886521063 by bot id=8401290907
RuntimeError: This method is not mounted to a any bot instance, please call it explicilty with bot instance `await bot(method)`
or mount method to a bot instance `method.as_(bot)` and then call it `await method()`
Traceback (most recent call last):
  File "C:\Users\user\AppData\Local\Programs\Python\Python311\Lib\site-packages\aiogram\dispatcher\dispatcher.py", line 309, in _process_update
    response = await self.feed_update(bot, update, **kwargs)
               ^^^^^^^^^^^^^^^^^^^^^^^^^^^^^^^^^^^^^^^^^^^^^
  File "C:\Users\user\AppData\Local\Programs\Python\Python311\Lib\site-packages\aiogram\dispatcher\dispatcher.py", line 158, in feed_update
    response = await self.update.wrap_outer_middleware(
               ^^^^^^^^^^^^^^^^^^^^^^^^^^^^^^^^^^^^^^^^
  File "C:\Users\user\AppData\Local\Programs\Python\Python311\Lib\site-packages\aiogram\dispatcher\middlewares\error.py", line 25, in __call__
    return await handler(event, data)
           ^^^^^^^^^^^^^^^^^^^^^^^^^^
  File "C:\Users\user\AppData\Local\Programs\Python\Python311\Lib\site-packages\aiogram\dispatcher\middlewares\user_context.py", line 49, in __call__
    return await handler(event, data)
           ^^^^^^^^^^^^^^^^^^^^^^^^^^
  File "C:\Users\user\AppData\Local\Programs\Python\Python311\Lib\contextlib.py", line 222, in __aexit__
    await self.gen.athrow(typ, value, traceback)
  File "C:\Users\user\AppData\Local\Programs\Python\Python311\Lib\site-packages\aiogram\fsm\storage\memory.py", line 56, in lock
    yield
  File "C:\Users\user\AppData\Local\Programs\Python\Python311\Lib\site-packages\aiogram\fsm\middleware.py", line 42, in __call__
    return await handler(event, data)
           ^^^^^^^^^^^^^^^^^^^^^^^^^^
  File "C:\Users\user\AppData\Local\Programs\Python\Python311\Lib\site-packages\aiogram\dispatcher\event\telegram.py", line 121, in trigger
    return await wrapped_inner(event, kwargs)
           ^^^^^^^^^^^^^^^^^^^^^^^^^^^^^^^^^^
  File "C:\Users\user\AppData\Local\Programs\Python\Python311\Lib\site-packages\aiogram\dispatcher\event\handler.py", line 43, in call
    return await wrapped()
           ^^^^^^^^^^^^^^^
  File "C:\Users\user\AppData\Local\Programs\Python\Python311\Lib\site-packages\aiogram\dispatcher\dispatcher.py", line 276, in _listen_update
    return await self.propagate_event(update_type=update_type, event=event, **kwargs)
           ^^^^^^^^^^^^^^^^^^^^^^^^^^^^^^^^^^^^^^^^^^^^^^^^^^^^^^^^^^^^^^^^^^^^^^^^^^
  File "C:\Users\user\AppData\Local\Programs\Python\Python311\Lib\site-packages\aiogram\dispatcher\router.py", line 142, in propagate_event
    return await observer.wrap_outer_middleware(_wrapped, event=event, data=kwargs)
           ^^^^^^^^^^^^^^^^^^^^^^^^^^^^^^^^^^^^^^^^^^^^^^^^^^^^^^^^^^^^^^^^^^^^^^^^
  File "C:\Users\user\AppData\Local\Programs\Python\Python311\Lib\site-packages\aiogram\dispatcher\router.py", line 137, in _wrapped
    return await self._propagate_event(
           ^^^^^^^^^^^^^^^^^^^^^^^^^^^^
  File "C:\Users\user\AppData\Local\Programs\Python\Python311\Lib\site-packages\aiogram\dispatcher\router.py", line 170, in _propagate_event
    response = await router.propagate_event(update_type=update_type, event=event, **kwargs)
               ^^^^^^^^^^^^^^^^^^^^^^^^^^^^^^^^^^^^^^^^^^^^^^^^^^^^^^^^^^^^^^^^^^^^^^^^^^^^
  File "C:\Users\user\AppData\Local\Programs\Python\Python311\Lib\site-packages\aiogram\dispatcher\router.py", line 142, in propagate_event
    return await observer.wrap_outer_middleware(_wrapped, event=event, data=kwargs)
           ^^^^^^^^^^^^^^^^^^^^^^^^^^^^^^^^^^^^^^^^^^^^^^^^^^^^^^^^^^^^^^^^^^^^^^^^
  File "C:\Users\user\AppData\Local\Programs\Python\Python311\Lib\site-packages\aiogram\dispatcher\router.py", line 137, in _wrapped
    return await self._propagate_event(
           ^^^^^^^^^^^^^^^^^^^^^^^^^^^^
  File "C:\Users\user\AppData\Local\Programs\Python\Python311\Lib\site-packages\aiogram\dispatcher\router.py", line 162, in _propagate_event
    response = await observer.trigger(event, **kwargs)
               ^^^^^^^^^^^^^^^^^^^^^^^^^^^^^^^^^^^^^^^
  File "C:\Users\user\AppData\Local\Programs\Python\Python311\Lib\site-packages\aiogram\dispatcher\event\telegram.py", line 121, in trigger
    return await wrapped_inner(event, kwargs)
           ^^^^^^^^^^^^^^^^^^^^^^^^^^^^^^^^^^
  File "C:\Users\user\AppData\Local\Programs\Python\Python311\Lib\site-packages\aiogram\dispatcher\event\handler.py", line 43, in call
    return await wrapped()
           ^^^^^^^^^^^^^^^
  File "D:\UJ_UNIVER_bot\handlers\user.py", line 936, in user_finish
    await _finish_and_show_result(bot, config, session_id, cb.from_user.id, reason="User tugatdi")
  File "D:\UJ_UNIVER_bot\handlers\user.py", line 414, in _finish_and_show_result
    await answer_and_log(
  File "D:\UJ_UNIVER_bot\helpers\tg.py", line 24, in answer_and_log
    msg = await message.answer(
          ^^^^^^^^^^^^^^^^^^^^^
  File "C:\Users\user\AppData\Local\Programs\Python\Python311\Lib\site-packages\aiogram\methods\base.py", line 89, in __await__
    raise RuntimeError(
RuntimeError: This method is not mounted to a any bot instance, please call it explicilty with bot instance `await bot(method)`
or mount method to a bot instance `method.as_(bot)` and then call it `await method()`
2026-02-15 20:38:54,013 | INFO | aiogram.event | Update id=886521064 is handled. Duration 389 ms by bot id=8401290907
2026-02-15 20:38:56,442 | INFO | aiogram.event | Update id=886521065 is handled. Duration 328 ms by bot id=8401290907
2026-02-15 20:38:57,657 | INFO | aiogram.event | Update id=886521066 is handled. Duration 250 ms by bot id=8401290907
2026-02-15 20:38:58,513 | INFO | aiogram.event | Update id=886521067 is handled. Duration 264 ms by bot id=8401290907
2026-02-15 20:38:59,150 | INFO | aiogram.event | Update id=886521068 is not handled. Duration 15 ms by bot id=8401290907
2026-02-15 20:39:17,071 | INFO | aiogram.event | Update id=886521069 is not handled. Duration 15 ms by bot id=8401290907
2026-02-15 20:39:21,730 | INFO | aiogram.event | Update id=886521070 is handled. Duration 375 ms by bot id=8401290907
2026-02-15 20:39:23,159 | INFO | aiogram.event | Update id=886521071 is handled. Duration 500 ms by bot id=8401290907
2026-02-15 20:39:24,762 | INFO | aiogram.event | Update id=886521072 is handled. Duration 264 ms by bot id=8401290907
2026-02-15 20:39:28,291 | INFO | aiogram.event | Update id=886521073 is handled. Duration 233 ms by bot id=8401290907
2026-02-15 20:39:29,698 | INFO | aiogram.event | Update id=886521074 is handled. Duration 390 ms by bot id=8401290907
2026-02-15 20:39:30,671 | INFO | aiogram.event | Update id=886521075 is handled. Duration 297 ms by bot id=8401290907
2026-02-15 20:39:31,433 | INFO | aiogram.event | Update id=886521076 is not handled. Duration 16 ms by bot id=8401290907
2026-02-15 20:39:34,639 | INFO | aiogram.event | Update id=886521077 is not handled. Duration 14 ms by bot id=8401290907
2026-02-15 20:39:40,586 | INFO | aiogram.event | Update id=886521078 is handled. Duration 139 ms by bot id=8401290907
2026-02-15 20:39:41,708 | INFO | aiogram.event | Update id=886521079 is handled. Duration 139 ms by bot id=8401290907
2026-02-15 20:39:42,799 | INFO | aiogram.event | Update id=886521080 is handled. Duration 156 ms by bot id=8401290907
2026-02-15 20:39:44,211 | INFO | aiogram.event | Update id=886521081 is handled. Duration 280 ms by bot id=8401290907
2026-02-15 20:39:46,730 | INFO | aiogram.event | Update id=886521082 is handled. Duration 140 ms by bot id=8401290907
2026-02-15 20:39:54,318 | INFO | aiogram.event | Update id=886521083 is handled. Duration 172 ms by bot id=8401290907
2026-02-15 20:39:57,762 | INFO | aiogram.event | Update id=886521084 is handled. Duration 139 ms by bot id=8401290907
2026-02-15 20:39:58,595 | INFO | aiogram.event | Update id=886521085 is handled. Duration 140 ms by bot id=8401290907
2026-02-15 20:39:58,801 | INFO | aiogram.event | Update id=886521086 is handled. Duration 156 ms by bot id=8401290907
2026-02-15 20:40:01,026 | INFO | aiogram.event | Update id=886521087 is handled. Duration 187 ms by bot id=8401290907
2026-02-15 20:40:01,853 | INFO | aiogram.event | Update id=886521088 is handled. Duration 140 ms by bot id=8401290907
2026-02-15 20:42:47,235 | INFO | aiogram.dispatcher | Start polling
2026-02-15 20:42:47,334 | INFO | aiogram.dispatcher | Run polling for bot @UJ_UNIVER_bot id=8401290907 - 'UJ_UNIVER'
2026-02-15 20:42:56,574 | INFO | aiogram.event | Update id=886521089 is handled. Duration 500 ms by bot id=8401290907
2026-02-15 20:42:58,102 | INFO | aiogram.event | Update id=886521090 is handled. Duration 140 ms by bot id=8401290907
2026-02-15 20:42:59,187 | INFO | aiogram.event | Update id=886521091 is handled. Duration 266 ms by bot id=8401290907
2026-02-15 20:43:00,424 | INFO | aiogram.event | Update id=886521092 is handled. Duration 281 ms by bot id=8401290907
2026-02-15 20:43:01,418 | INFO | aiogram.event | Update id=886521093 is handled. Duration 295 ms by bot id=8401290907
2026-02-15 20:43:02,336 | INFO | aiogram.event | Update id=886521094 is handled. Duration 250 ms by bot id=8401290907
2026-02-15 20:43:06,963 | INFO | aiogram.event | Update id=886521095 is handled. Duration 3889 ms by bot id=8401290907
2026-02-15 20:43:17,914 | INFO | aiogram.event | Update id=886521096 is handled. Duration 295 ms by bot id=8401290907
2026-02-15 20:43:18,724 | INFO | aiogram.event | Update id=886521097 is handled. Duration 280 ms by bot id=8401290907
2026-02-15 20:43:19,225 | INFO | aiogram.event | Update id=886521098 is not handled. Duration 15 ms by bot id=8401290907
2026-02-15 20:43:24,530 | INFO | aiogram.event | Update id=886521099 is not handled. Duration 15 ms by bot id=8401290907
2026-02-15 20:43:24,531 | ERROR | aiogram.event | Cause exception while process update id=886521099 by bot id=8401290907
AttributeError: 'sqlite3.Row' object has no attribute 'get'
Traceback (most recent call last):
  File "C:\Users\user\AppData\Local\Programs\Python\Python311\Lib\site-packages\aiogram\dispatcher\dispatcher.py", line 309, in _process_update
    response = await self.feed_update(bot, update, **kwargs)
               ^^^^^^^^^^^^^^^^^^^^^^^^^^^^^^^^^^^^^^^^^^^^^
  File "C:\Users\user\AppData\Local\Programs\Python\Python311\Lib\site-packages\aiogram\dispatcher\dispatcher.py", line 158, in feed_update
    response = await self.update.wrap_outer_middleware(
               ^^^^^^^^^^^^^^^^^^^^^^^^^^^^^^^^^^^^^^^^
  File "C:\Users\user\AppData\Local\Programs\Python\Python311\Lib\site-packages\aiogram\dispatcher\middlewares\error.py", line 25, in __call__
    return await handler(event, data)
           ^^^^^^^^^^^^^^^^^^^^^^^^^^
  File "C:\Users\user\AppData\Local\Programs\Python\Python311\Lib\site-packages\aiogram\dispatcher\middlewares\user_context.py", line 49, in __call__
    return await handler(event, data)
           ^^^^^^^^^^^^^^^^^^^^^^^^^^
  File "C:\Users\user\AppData\Local\Programs\Python\Python311\Lib\contextlib.py", line 222, in __aexit__
    await self.gen.athrow(typ, value, traceback)
  File "C:\Users\user\AppData\Local\Programs\Python\Python311\Lib\site-packages\aiogram\fsm\storage\memory.py", line 56, in lock
    yield
  File "C:\Users\user\AppData\Local\Programs\Python\Python311\Lib\site-packages\aiogram\fsm\middleware.py", line 42, in __call__
    return await handler(event, data)
           ^^^^^^^^^^^^^^^^^^^^^^^^^^
  File "C:\Users\user\AppData\Local\Programs\Python\Python311\Lib\site-packages\aiogram\dispatcher\event\telegram.py", line 121, in trigger
    return await wrapped_inner(event, kwargs)
           ^^^^^^^^^^^^^^^^^^^^^^^^^^^^^^^^^^
  File "C:\Users\user\AppData\Local\Programs\Python\Python311\Lib\site-packages\aiogram\dispatcher\event\handler.py", line 43, in call
    return await wrapped()
           ^^^^^^^^^^^^^^^
  File "C:\Users\user\AppData\Local\Programs\Python\Python311\Lib\site-packages\aiogram\dispatcher\dispatcher.py", line 276, in _listen_update
    return await self.propagate_event(update_type=update_type, event=event, **kwargs)
           ^^^^^^^^^^^^^^^^^^^^^^^^^^^^^^^^^^^^^^^^^^^^^^^^^^^^^^^^^^^^^^^^^^^^^^^^^^
  File "C:\Users\user\AppData\Local\Programs\Python\Python311\Lib\site-packages\aiogram\dispatcher\router.py", line 142, in propagate_event
    return await observer.wrap_outer_middleware(_wrapped, event=event, data=kwargs)
           ^^^^^^^^^^^^^^^^^^^^^^^^^^^^^^^^^^^^^^^^^^^^^^^^^^^^^^^^^^^^^^^^^^^^^^^^
  File "C:\Users\user\AppData\Local\Programs\Python\Python311\Lib\site-packages\aiogram\dispatcher\router.py", line 137, in _wrapped
    return await self._propagate_event(
           ^^^^^^^^^^^^^^^^^^^^^^^^^^^^
  File "C:\Users\user\AppData\Local\Programs\Python\Python311\Lib\site-packages\aiogram\dispatcher\router.py", line 170, in _propagate_event
    response = await router.propagate_event(update_type=update_type, event=event, **kwargs)
               ^^^^^^^^^^^^^^^^^^^^^^^^^^^^^^^^^^^^^^^^^^^^^^^^^^^^^^^^^^^^^^^^^^^^^^^^^^^^
  File "C:\Users\user\AppData\Local\Programs\Python\Python311\Lib\site-packages\aiogram\dispatcher\router.py", line 142, in propagate_event
    return await observer.wrap_outer_middleware(_wrapped, event=event, data=kwargs)
           ^^^^^^^^^^^^^^^^^^^^^^^^^^^^^^^^^^^^^^^^^^^^^^^^^^^^^^^^^^^^^^^^^^^^^^^^
  File "C:\Users\user\AppData\Local\Programs\Python\Python311\Lib\site-packages\aiogram\dispatcher\router.py", line 137, in _wrapped
    return await self._propagate_event(
           ^^^^^^^^^^^^^^^^^^^^^^^^^^^^
  File "C:\Users\user\AppData\Local\Programs\Python\Python311\Lib\site-packages\aiogram\dispatcher\router.py", line 162, in _propagate_event
    response = await observer.trigger(event, **kwargs)
               ^^^^^^^^^^^^^^^^^^^^^^^^^^^^^^^^^^^^^^^
  File "C:\Users\user\AppData\Local\Programs\Python\Python311\Lib\site-packages\aiogram\dispatcher\event\telegram.py", line 121, in trigger
    return await wrapped_inner(event, kwargs)
           ^^^^^^^^^^^^^^^^^^^^^^^^^^^^^^^^^^
  File "C:\Users\user\AppData\Local\Programs\Python\Python311\Lib\site-packages\aiogram\dispatcher\event\handler.py", line 43, in call
    return await wrapped()
           ^^^^^^^^^^^^^^^
  File "D:\UJ_UNIVER_bot\handlers\user.py", line 930, in user_finish
    await _finish_and_show_result(bot, config, session_id, cb.from_user.id, reason="User tugatdi")
  File "D:\UJ_UNIVER_bot\handlers\user.py", line 386, in _finish_and_show_result
    correct = int(sess.get("correct_count", 0))
                  ^^^^^^^^
AttributeError: 'sqlite3.Row' object has no attribute 'get'
2026-02-15 20:43:32,321 | INFO | aiogram.event | Update id=886521100 is not handled. Duration 15 ms by bot id=8401290907
2026-02-15 20:43:32,322 | ERROR | aiogram.event | Cause exception while process update id=886521100 by bot id=8401290907
AttributeError: 'sqlite3.Row' object has no attribute 'get'
Traceback (most recent call last):
  File "C:\Users\user\AppData\Local\Programs\Python\Python311\Lib\site-packages\aiogram\dispatcher\dispatcher.py", line 309, in _process_update
    response = await self.feed_update(bot, update, **kwargs)
               ^^^^^^^^^^^^^^^^^^^^^^^^^^^^^^^^^^^^^^^^^^^^^
  File "C:\Users\user\AppData\Local\Programs\Python\Python311\Lib\site-packages\aiogram\dispatcher\dispatcher.py", line 158, in feed_update
    response = await self.update.wrap_outer_middleware(
               ^^^^^^^^^^^^^^^^^^^^^^^^^^^^^^^^^^^^^^^^
  File "C:\Users\user\AppData\Local\Programs\Python\Python311\Lib\site-packages\aiogram\dispatcher\middlewares\error.py", line 25, in __call__
    return await handler(event, data)
           ^^^^^^^^^^^^^^^^^^^^^^^^^^
  File "C:\Users\user\AppData\Local\Programs\Python\Python311\Lib\site-packages\aiogram\dispatcher\middlewares\user_context.py", line 49, in __call__
    return await handler(event, data)
           ^^^^^^^^^^^^^^^^^^^^^^^^^^
  File "C:\Users\user\AppData\Local\Programs\Python\Python311\Lib\contextlib.py", line 222, in __aexit__
    await self.gen.athrow(typ, value, traceback)
  File "C:\Users\user\AppData\Local\Programs\Python\Python311\Lib\site-packages\aiogram\fsm\storage\memory.py", line 56, in lock
    yield
  File "C:\Users\user\AppData\Local\Programs\Python\Python311\Lib\site-packages\aiogram\fsm\middleware.py", line 42, in __call__
    return await handler(event, data)
           ^^^^^^^^^^^^^^^^^^^^^^^^^^
  File "C:\Users\user\AppData\Local\Programs\Python\Python311\Lib\site-packages\aiogram\dispatcher\event\telegram.py", line 121, in trigger
    return await wrapped_inner(event, kwargs)
           ^^^^^^^^^^^^^^^^^^^^^^^^^^^^^^^^^^
  File "C:\Users\user\AppData\Local\Programs\Python\Python311\Lib\site-packages\aiogram\dispatcher\event\handler.py", line 43, in call
    return await wrapped()
           ^^^^^^^^^^^^^^^
  File "C:\Users\user\AppData\Local\Programs\Python\Python311\Lib\site-packages\aiogram\dispatcher\dispatcher.py", line 276, in _listen_update
    return await self.propagate_event(update_type=update_type, event=event, **kwargs)
           ^^^^^^^^^^^^^^^^^^^^^^^^^^^^^^^^^^^^^^^^^^^^^^^^^^^^^^^^^^^^^^^^^^^^^^^^^^
  File "C:\Users\user\AppData\Local\Programs\Python\Python311\Lib\site-packages\aiogram\dispatcher\router.py", line 142, in propagate_event
    return await observer.wrap_outer_middleware(_wrapped, event=event, data=kwargs)
           ^^^^^^^^^^^^^^^^^^^^^^^^^^^^^^^^^^^^^^^^^^^^^^^^^^^^^^^^^^^^^^^^^^^^^^^^
  File "C:\Users\user\AppData\Local\Programs\Python\Python311\Lib\site-packages\aiogram\dispatcher\router.py", line 137, in _wrapped
    return await self._propagate_event(
           ^^^^^^^^^^^^^^^^^^^^^^^^^^^^
  File "C:\Users\user\AppData\Local\Programs\Python\Python311\Lib\site-packages\aiogram\dispatcher\router.py", line 170, in _propagate_event
    response = await router.propagate_event(update_type=update_type, event=event, **kwargs)
               ^^^^^^^^^^^^^^^^^^^^^^^^^^^^^^^^^^^^^^^^^^^^^^^^^^^^^^^^^^^^^^^^^^^^^^^^^^^^
  File "C:\Users\user\AppData\Local\Programs\Python\Python311\Lib\site-packages\aiogram\dispatcher\router.py", line 142, in propagate_event
    return await observer.wrap_outer_middleware(_wrapped, event=event, data=kwargs)
           ^^^^^^^^^^^^^^^^^^^^^^^^^^^^^^^^^^^^^^^^^^^^^^^^^^^^^^^^^^^^^^^^^^^^^^^^
  File "C:\Users\user\AppData\Local\Programs\Python\Python311\Lib\site-packages\aiogram\dispatcher\router.py", line 137, in _wrapped
    return await self._propagate_event(
           ^^^^^^^^^^^^^^^^^^^^^^^^^^^^
  File "C:\Users\user\AppData\Local\Programs\Python\Python311\Lib\site-packages\aiogram\dispatcher\router.py", line 162, in _propagate_event
    response = await observer.trigger(event, **kwargs)
               ^^^^^^^^^^^^^^^^^^^^^^^^^^^^^^^^^^^^^^^
  File "C:\Users\user\AppData\Local\Programs\Python\Python311\Lib\site-packages\aiogram\dispatcher\event\telegram.py", line 121, in trigger
    return await wrapped_inner(event, kwargs)
           ^^^^^^^^^^^^^^^^^^^^^^^^^^^^^^^^^^
  File "C:\Users\user\AppData\Local\Programs\Python\Python311\Lib\site-packages\aiogram\dispatcher\event\handler.py", line 43, in call
    return await wrapped()
           ^^^^^^^^^^^^^^^
  File "D:\UJ_UNIVER_bot\handlers\user.py", line 930, in user_finish
    await _finish_and_show_result(bot, config, session_id, cb.from_user.id, reason="User tugatdi")
  File "D:\UJ_UNIVER_bot\handlers\user.py", line 386, in _finish_and_show_result
    correct = int(sess.get("correct_count", 0))
                  ^^^^^^^^
AttributeError: 'sqlite3.Row' object has no attribute 'get'
2026-02-15 20:43:33,855 | INFO | aiogram.event | Update id=886521101 is not handled. Duration 15 ms by bot id=8401290907
2026-02-15 20:43:33,856 | ERROR | aiogram.event | Cause exception while process update id=886521101 by bot id=8401290907
AttributeError: 'sqlite3.Row' object has no attribute 'get'
Traceback (most recent call last):
  File "C:\Users\user\AppData\Local\Programs\Python\Python311\Lib\site-packages\aiogram\dispatcher\dispatcher.py", line 309, in _process_update
    response = await self.feed_update(bot, update, **kwargs)
               ^^^^^^^^^^^^^^^^^^^^^^^^^^^^^^^^^^^^^^^^^^^^^
  File "C:\Users\user\AppData\Local\Programs\Python\Python311\Lib\site-packages\aiogram\dispatcher\dispatcher.py", line 158, in feed_update
    response = await self.update.wrap_outer_middleware(
               ^^^^^^^^^^^^^^^^^^^^^^^^^^^^^^^^^^^^^^^^
  File "C:\Users\user\AppData\Local\Programs\Python\Python311\Lib\site-packages\aiogram\dispatcher\middlewares\error.py", line 25, in __call__
    return await handler(event, data)
           ^^^^^^^^^^^^^^^^^^^^^^^^^^
  File "C:\Users\user\AppData\Local\Programs\Python\Python311\Lib\site-packages\aiogram\dispatcher\middlewares\user_context.py", line 49, in __call__
    return await handler(event, data)
           ^^^^^^^^^^^^^^^^^^^^^^^^^^
  File "C:\Users\user\AppData\Local\Programs\Python\Python311\Lib\contextlib.py", line 222, in __aexit__
    await self.gen.athrow(typ, value, traceback)
  File "C:\Users\user\AppData\Local\Programs\Python\Python311\Lib\site-packages\aiogram\fsm\storage\memory.py", line 56, in lock
    yield
  File "C:\Users\user\AppData\Local\Programs\Python\Python311\Lib\site-packages\aiogram\fsm\middleware.py", line 42, in __call__
    return await handler(event, data)
           ^^^^^^^^^^^^^^^^^^^^^^^^^^
  File "C:\Users\user\AppData\Local\Programs\Python\Python311\Lib\site-packages\aiogram\dispatcher\event\telegram.py", line 121, in trigger
    return await wrapped_inner(event, kwargs)
           ^^^^^^^^^^^^^^^^^^^^^^^^^^^^^^^^^^
  File "C:\Users\user\AppData\Local\Programs\Python\Python311\Lib\site-packages\aiogram\dispatcher\event\handler.py", line 43, in call
    return await wrapped()
           ^^^^^^^^^^^^^^^
  File "C:\Users\user\AppData\Local\Programs\Python\Python311\Lib\site-packages\aiogram\dispatcher\dispatcher.py", line 276, in _listen_update
    return await self.propagate_event(update_type=update_type, event=event, **kwargs)
           ^^^^^^^^^^^^^^^^^^^^^^^^^^^^^^^^^^^^^^^^^^^^^^^^^^^^^^^^^^^^^^^^^^^^^^^^^^
  File "C:\Users\user\AppData\Local\Programs\Python\Python311\Lib\site-packages\aiogram\dispatcher\router.py", line 142, in propagate_event
    return await observer.wrap_outer_middleware(_wrapped, event=event, data=kwargs)
           ^^^^^^^^^^^^^^^^^^^^^^^^^^^^^^^^^^^^^^^^^^^^^^^^^^^^^^^^^^^^^^^^^^^^^^^^
  File "C:\Users\user\AppData\Local\Programs\Python\Python311\Lib\site-packages\aiogram\dispatcher\router.py", line 137, in _wrapped
    return await self._propagate_event(
           ^^^^^^^^^^^^^^^^^^^^^^^^^^^^
  File "C:\Users\user\AppData\Local\Programs\Python\Python311\Lib\site-packages\aiogram\dispatcher\router.py", line 170, in _propagate_event
    response = await router.propagate_event(update_type=update_type, event=event, **kwargs)
               ^^^^^^^^^^^^^^^^^^^^^^^^^^^^^^^^^^^^^^^^^^^^^^^^^^^^^^^^^^^^^^^^^^^^^^^^^^^^
  File "C:\Users\user\AppData\Local\Programs\Python\Python311\Lib\site-packages\aiogram\dispatcher\router.py", line 142, in propagate_event
    return await observer.wrap_outer_middleware(_wrapped, event=event, data=kwargs)
           ^^^^^^^^^^^^^^^^^^^^^^^^^^^^^^^^^^^^^^^^^^^^^^^^^^^^^^^^^^^^^^^^^^^^^^^^
  File "C:\Users\user\AppData\Local\Programs\Python\Python311\Lib\site-packages\aiogram\dispatcher\router.py", line 137, in _wrapped
    return await self._propagate_event(
           ^^^^^^^^^^^^^^^^^^^^^^^^^^^^
  File "C:\Users\user\AppData\Local\Programs\Python\Python311\Lib\site-packages\aiogram\dispatcher\router.py", line 162, in _propagate_event
    response = await observer.trigger(event, **kwargs)
               ^^^^^^^^^^^^^^^^^^^^^^^^^^^^^^^^^^^^^^^
  File "C:\Users\user\AppData\Local\Programs\Python\Python311\Lib\site-packages\aiogram\dispatcher\event\telegram.py", line 121, in trigger
    return await wrapped_inner(event, kwargs)
           ^^^^^^^^^^^^^^^^^^^^^^^^^^^^^^^^^^
  File "C:\Users\user\AppData\Local\Programs\Python\Python311\Lib\site-packages\aiogram\dispatcher\event\handler.py", line 43, in call
    return await wrapped()
           ^^^^^^^^^^^^^^^
  File "D:\UJ_UNIVER_bot\handlers\user.py", line 930, in user_finish
    await _finish_and_show_result(bot, config, session_id, cb.from_user.id, reason="User tugatdi")
  File "D:\UJ_UNIVER_bot\handlers\user.py", line 386, in _finish_and_show_result
    correct = int(sess.get("correct_count", 0))
                  ^^^^^^^^
AttributeError: 'sqlite3.Row' object has no attribute 'get'
2026-02-15 20:43:35,806 | INFO | aiogram.event | Update id=886521102 is not handled. Duration 16 ms by bot id=8401290907
2026-02-15 20:43:35,807 | ERROR | aiogram.event | Cause exception while process update id=886521102 by bot id=8401290907
AttributeError: 'sqlite3.Row' object has no attribute 'get'
Traceback (most recent call last):
  File "C:\Users\user\AppData\Local\Programs\Python\Python311\Lib\site-packages\aiogram\dispatcher\dispatcher.py", line 309, in _process_update
    response = await self.feed_update(bot, update, **kwargs)
               ^^^^^^^^^^^^^^^^^^^^^^^^^^^^^^^^^^^^^^^^^^^^^
  File "C:\Users\user\AppData\Local\Programs\Python\Python311\Lib\site-packages\aiogram\dispatcher\dispatcher.py", line 158, in feed_update
    response = await self.update.wrap_outer_middleware(
               ^^^^^^^^^^^^^^^^^^^^^^^^^^^^^^^^^^^^^^^^
  File "C:\Users\user\AppData\Local\Programs\Python\Python311\Lib\site-packages\aiogram\dispatcher\middlewares\error.py", line 25, in __call__
    return await handler(event, data)
           ^^^^^^^^^^^^^^^^^^^^^^^^^^
  File "C:\Users\user\AppData\Local\Programs\Python\Python311\Lib\site-packages\aiogram\dispatcher\middlewares\user_context.py", line 49, in __call__
    return await handler(event, data)
           ^^^^^^^^^^^^^^^^^^^^^^^^^^
  File "C:\Users\user\AppData\Local\Programs\Python\Python311\Lib\contextlib.py", line 222, in __aexit__
    await self.gen.athrow(typ, value, traceback)
  File "C:\Users\user\AppData\Local\Programs\Python\Python311\Lib\site-packages\aiogram\fsm\storage\memory.py", line 56, in lock
    yield
  File "C:\Users\user\AppData\Local\Programs\Python\Python311\Lib\site-packages\aiogram\fsm\middleware.py", line 42, in __call__
    return await handler(event, data)
           ^^^^^^^^^^^^^^^^^^^^^^^^^^
  File "C:\Users\user\AppData\Local\Programs\Python\Python311\Lib\site-packages\aiogram\dispatcher\event\telegram.py", line 121, in trigger
    return await wrapped_inner(event, kwargs)
           ^^^^^^^^^^^^^^^^^^^^^^^^^^^^^^^^^^
  File "C:\Users\user\AppData\Local\Programs\Python\Python311\Lib\site-packages\aiogram\dispatcher\event\handler.py", line 43, in call
    return await wrapped()
           ^^^^^^^^^^^^^^^
  File "C:\Users\user\AppData\Local\Programs\Python\Python311\Lib\site-packages\aiogram\dispatcher\dispatcher.py", line 276, in _listen_update
    return await self.propagate_event(update_type=update_type, event=event, **kwargs)
           ^^^^^^^^^^^^^^^^^^^^^^^^^^^^^^^^^^^^^^^^^^^^^^^^^^^^^^^^^^^^^^^^^^^^^^^^^^
  File "C:\Users\user\AppData\Local\Programs\Python\Python311\Lib\site-packages\aiogram\dispatcher\router.py", line 142, in propagate_event
    return await observer.wrap_outer_middleware(_wrapped, event=event, data=kwargs)
           ^^^^^^^^^^^^^^^^^^^^^^^^^^^^^^^^^^^^^^^^^^^^^^^^^^^^^^^^^^^^^^^^^^^^^^^^
  File "C:\Users\user\AppData\Local\Programs\Python\Python311\Lib\site-packages\aiogram\dispatcher\router.py", line 137, in _wrapped
    return await self._propagate_event(
           ^^^^^^^^^^^^^^^^^^^^^^^^^^^^
  File "C:\Users\user\AppData\Local\Programs\Python\Python311\Lib\site-packages\aiogram\dispatcher\router.py", line 170, in _propagate_event
    response = await router.propagate_event(update_type=update_type, event=event, **kwargs)
               ^^^^^^^^^^^^^^^^^^^^^^^^^^^^^^^^^^^^^^^^^^^^^^^^^^^^^^^^^^^^^^^^^^^^^^^^^^^^
  File "C:\Users\user\AppData\Local\Programs\Python\Python311\Lib\site-packages\aiogram\dispatcher\router.py", line 142, in propagate_event
    return await observer.wrap_outer_middleware(_wrapped, event=event, data=kwargs)
           ^^^^^^^^^^^^^^^^^^^^^^^^^^^^^^^^^^^^^^^^^^^^^^^^^^^^^^^^^^^^^^^^^^^^^^^^
  File "C:\Users\user\AppData\Local\Programs\Python\Python311\Lib\site-packages\aiogram\dispatcher\router.py", line 137, in _wrapped
    return await self._propagate_event(
           ^^^^^^^^^^^^^^^^^^^^^^^^^^^^
  File "C:\Users\user\AppData\Local\Programs\Python\Python311\Lib\site-packages\aiogram\dispatcher\router.py", line 162, in _propagate_event
    response = await observer.trigger(event, **kwargs)
               ^^^^^^^^^^^^^^^^^^^^^^^^^^^^^^^^^^^^^^^
  File "C:\Users\user\AppData\Local\Programs\Python\Python311\Lib\site-packages\aiogram\dispatcher\event\telegram.py", line 121, in trigger
    return await wrapped_inner(event, kwargs)
           ^^^^^^^^^^^^^^^^^^^^^^^^^^^^^^^^^^
  File "C:\Users\user\AppData\Local\Programs\Python\Python311\Lib\site-packages\aiogram\dispatcher\event\handler.py", line 43, in call
    return await wrapped()
           ^^^^^^^^^^^^^^^
  File "D:\UJ_UNIVER_bot\handlers\user.py", line 930, in user_finish
    await _finish_and_show_result(bot, config, session_id, cb.from_user.id, reason="User tugatdi")
  File "D:\UJ_UNIVER_bot\handlers\user.py", line 386, in _finish_and_show_result
    correct = int(sess.get("correct_count", 0))
                  ^^^^^^^^
AttributeError: 'sqlite3.Row' object has no attribute 'get'
2026-02-15 20:43:36,452 | INFO | aiogram.event | Update id=886521103 is handled. Duration 453 ms by bot id=8401290907
2026-02-15 20:43:37,587 | INFO | aiogram.event | Update id=886521104 is handled. Duration 280 ms by bot id=8401290907
2026-02-15 20:43:38,492 | INFO | aiogram.event | Update id=886521105 is handled. Duration 250 ms by bot id=8401290907
2026-02-15 20:43:39,758 | INFO | aiogram.event | Update id=886521106 is not handled. Duration 14 ms by bot id=8401290907
2026-02-15 20:43:39,759 | ERROR | aiogram.event | Cause exception while process update id=886521106 by bot id=8401290907
AttributeError: 'sqlite3.Row' object has no attribute 'get'
Traceback (most recent call last):
  File "C:\Users\user\AppData\Local\Programs\Python\Python311\Lib\site-packages\aiogram\dispatcher\dispatcher.py", line 309, in _process_update
    response = await self.feed_update(bot, update, **kwargs)
               ^^^^^^^^^^^^^^^^^^^^^^^^^^^^^^^^^^^^^^^^^^^^^
  File "C:\Users\user\AppData\Local\Programs\Python\Python311\Lib\site-packages\aiogram\dispatcher\dispatcher.py", line 158, in feed_update
    response = await self.update.wrap_outer_middleware(
               ^^^^^^^^^^^^^^^^^^^^^^^^^^^^^^^^^^^^^^^^
  File "C:\Users\user\AppData\Local\Programs\Python\Python311\Lib\site-packages\aiogram\dispatcher\middlewares\error.py", line 25, in __call__
    return await handler(event, data)
           ^^^^^^^^^^^^^^^^^^^^^^^^^^
  File "C:\Users\user\AppData\Local\Programs\Python\Python311\Lib\site-packages\aiogram\dispatcher\middlewares\user_context.py", line 49, in __call__
    return await handler(event, data)
           ^^^^^^^^^^^^^^^^^^^^^^^^^^
  File "C:\Users\user\AppData\Local\Programs\Python\Python311\Lib\contextlib.py", line 222, in __aexit__
    await self.gen.athrow(typ, value, traceback)
  File "C:\Users\user\AppData\Local\Programs\Python\Python311\Lib\site-packages\aiogram\fsm\storage\memory.py", line 56, in lock
    yield
  File "C:\Users\user\AppData\Local\Programs\Python\Python311\Lib\site-packages\aiogram\fsm\middleware.py", line 42, in __call__
    return await handler(event, data)
           ^^^^^^^^^^^^^^^^^^^^^^^^^^
  File "C:\Users\user\AppData\Local\Programs\Python\Python311\Lib\site-packages\aiogram\dispatcher\event\telegram.py", line 121, in trigger
    return await wrapped_inner(event, kwargs)
           ^^^^^^^^^^^^^^^^^^^^^^^^^^^^^^^^^^
  File "C:\Users\user\AppData\Local\Programs\Python\Python311\Lib\site-packages\aiogram\dispatcher\event\handler.py", line 43, in call
    return await wrapped()
           ^^^^^^^^^^^^^^^
  File "C:\Users\user\AppData\Local\Programs\Python\Python311\Lib\site-packages\aiogram\dispatcher\dispatcher.py", line 276, in _listen_update
    return await self.propagate_event(update_type=update_type, event=event, **kwargs)
           ^^^^^^^^^^^^^^^^^^^^^^^^^^^^^^^^^^^^^^^^^^^^^^^^^^^^^^^^^^^^^^^^^^^^^^^^^^
  File "C:\Users\user\AppData\Local\Programs\Python\Python311\Lib\site-packages\aiogram\dispatcher\router.py", line 142, in propagate_event
    return await observer.wrap_outer_middleware(_wrapped, event=event, data=kwargs)
           ^^^^^^^^^^^^^^^^^^^^^^^^^^^^^^^^^^^^^^^^^^^^^^^^^^^^^^^^^^^^^^^^^^^^^^^^
  File "C:\Users\user\AppData\Local\Programs\Python\Python311\Lib\site-packages\aiogram\dispatcher\router.py", line 137, in _wrapped
    return await self._propagate_event(
           ^^^^^^^^^^^^^^^^^^^^^^^^^^^^
  File "C:\Users\user\AppData\Local\Programs\Python\Python311\Lib\site-packages\aiogram\dispatcher\router.py", line 170, in _propagate_event
    response = await router.propagate_event(update_type=update_type, event=event, **kwargs)
               ^^^^^^^^^^^^^^^^^^^^^^^^^^^^^^^^^^^^^^^^^^^^^^^^^^^^^^^^^^^^^^^^^^^^^^^^^^^^
  File "C:\Users\user\AppData\Local\Programs\Python\Python311\Lib\site-packages\aiogram\dispatcher\router.py", line 142, in propagate_event
    return await observer.wrap_outer_middleware(_wrapped, event=event, data=kwargs)
           ^^^^^^^^^^^^^^^^^^^^^^^^^^^^^^^^^^^^^^^^^^^^^^^^^^^^^^^^^^^^^^^^^^^^^^^^
  File "C:\Users\user\AppData\Local\Programs\Python\Python311\Lib\site-packages\aiogram\dispatcher\router.py", line 137, in _wrapped
    return await self._propagate_event(
           ^^^^^^^^^^^^^^^^^^^^^^^^^^^^
  File "C:\Users\user\AppData\Local\Programs\Python\Python311\Lib\site-packages\aiogram\dispatcher\router.py", line 162, in _propagate_event
    response = await observer.trigger(event, **kwargs)
               ^^^^^^^^^^^^^^^^^^^^^^^^^^^^^^^^^^^^^^^
  File "C:\Users\user\AppData\Local\Programs\Python\Python311\Lib\site-packages\aiogram\dispatcher\event\telegram.py", line 121, in trigger
    return await wrapped_inner(event, kwargs)
           ^^^^^^^^^^^^^^^^^^^^^^^^^^^^^^^^^^
  File "C:\Users\user\AppData\Local\Programs\Python\Python311\Lib\site-packages\aiogram\dispatcher\event\handler.py", line 43, in call
    return await wrapped()
           ^^^^^^^^^^^^^^^
  File "D:\UJ_UNIVER_bot\handlers\user.py", line 930, in user_finish
    await _finish_and_show_result(bot, config, session_id, cb.from_user.id, reason="User tugatdi")
  File "D:\UJ_UNIVER_bot\handlers\user.py", line 386, in _finish_and_show_result
    correct = int(sess.get("correct_count", 0))
                  ^^^^^^^^
AttributeError: 'sqlite3.Row' object has no attribute 'get'
2026-02-15 20:43:41,946 | INFO | aiogram.event | Update id=886521107 is not handled. Duration 15 ms by bot id=8401290907
2026-02-15 20:43:41,946 | ERROR | aiogram.event | Cause exception while process update id=886521107 by bot id=8401290907
AttributeError: 'sqlite3.Row' object has no attribute 'get'
Traceback (most recent call last):
  File "C:\Users\user\AppData\Local\Programs\Python\Python311\Lib\site-packages\aiogram\dispatcher\dispatcher.py", line 309, in _process_update
    response = await self.feed_update(bot, update, **kwargs)
               ^^^^^^^^^^^^^^^^^^^^^^^^^^^^^^^^^^^^^^^^^^^^^
  File "C:\Users\user\AppData\Local\Programs\Python\Python311\Lib\site-packages\aiogram\dispatcher\dispatcher.py", line 158, in feed_update
    response = await self.update.wrap_outer_middleware(
               ^^^^^^^^^^^^^^^^^^^^^^^^^^^^^^^^^^^^^^^^
  File "C:\Users\user\AppData\Local\Programs\Python\Python311\Lib\site-packages\aiogram\dispatcher\middlewares\error.py", line 25, in __call__
    return await handler(event, data)
           ^^^^^^^^^^^^^^^^^^^^^^^^^^
  File "C:\Users\user\AppData\Local\Programs\Python\Python311\Lib\site-packages\aiogram\dispatcher\middlewares\user_context.py", line 49, in __call__
    return await handler(event, data)
           ^^^^^^^^^^^^^^^^^^^^^^^^^^
  File "C:\Users\user\AppData\Local\Programs\Python\Python311\Lib\contextlib.py", line 222, in __aexit__
    await self.gen.athrow(typ, value, traceback)
  File "C:\Users\user\AppData\Local\Programs\Python\Python311\Lib\site-packages\aiogram\fsm\storage\memory.py", line 56, in lock
    yield
  File "C:\Users\user\AppData\Local\Programs\Python\Python311\Lib\site-packages\aiogram\fsm\middleware.py", line 42, in __call__
    return await handler(event, data)
           ^^^^^^^^^^^^^^^^^^^^^^^^^^
  File "C:\Users\user\AppData\Local\Programs\Python\Python311\Lib\site-packages\aiogram\dispatcher\event\telegram.py", line 121, in trigger
    return await wrapped_inner(event, kwargs)
           ^^^^^^^^^^^^^^^^^^^^^^^^^^^^^^^^^^
  File "C:\Users\user\AppData\Local\Programs\Python\Python311\Lib\site-packages\aiogram\dispatcher\event\handler.py", line 43, in call
    return await wrapped()
           ^^^^^^^^^^^^^^^
  File "C:\Users\user\AppData\Local\Programs\Python\Python311\Lib\site-packages\aiogram\dispatcher\dispatcher.py", line 276, in _listen_update
    return await self.propagate_event(update_type=update_type, event=event, **kwargs)
           ^^^^^^^^^^^^^^^^^^^^^^^^^^^^^^^^^^^^^^^^^^^^^^^^^^^^^^^^^^^^^^^^^^^^^^^^^^
  File "C:\Users\user\AppData\Local\Programs\Python\Python311\Lib\site-packages\aiogram\dispatcher\router.py", line 142, in propagate_event
    return await observer.wrap_outer_middleware(_wrapped, event=event, data=kwargs)
           ^^^^^^^^^^^^^^^^^^^^^^^^^^^^^^^^^^^^^^^^^^^^^^^^^^^^^^^^^^^^^^^^^^^^^^^^
  File "C:\Users\user\AppData\Local\Programs\Python\Python311\Lib\site-packages\aiogram\dispatcher\router.py", line 137, in _wrapped
    return await self._propagate_event(
           ^^^^^^^^^^^^^^^^^^^^^^^^^^^^
  File "C:\Users\user\AppData\Local\Programs\Python\Python311\Lib\site-packages\aiogram\dispatcher\router.py", line 170, in _propagate_event
    response = await router.propagate_event(update_type=update_type, event=event, **kwargs)
               ^^^^^^^^^^^^^^^^^^^^^^^^^^^^^^^^^^^^^^^^^^^^^^^^^^^^^^^^^^^^^^^^^^^^^^^^^^^^
  File "C:\Users\user\AppData\Local\Programs\Python\Python311\Lib\site-packages\aiogram\dispatcher\router.py", line 142, in propagate_event
    return await observer.wrap_outer_middleware(_wrapped, event=event, data=kwargs)
           ^^^^^^^^^^^^^^^^^^^^^^^^^^^^^^^^^^^^^^^^^^^^^^^^^^^^^^^^^^^^^^^^^^^^^^^^
  File "C:\Users\user\AppData\Local\Programs\Python\Python311\Lib\site-packages\aiogram\dispatcher\router.py", line 137, in _wrapped
    return await self._propagate_event(
           ^^^^^^^^^^^^^^^^^^^^^^^^^^^^
  File "C:\Users\user\AppData\Local\Programs\Python\Python311\Lib\site-packages\aiogram\dispatcher\router.py", line 162, in _propagate_event
    response = await observer.trigger(event, **kwargs)
               ^^^^^^^^^^^^^^^^^^^^^^^^^^^^^^^^^^^^^^^
  File "C:\Users\user\AppData\Local\Programs\Python\Python311\Lib\site-packages\aiogram\dispatcher\event\telegram.py", line 121, in trigger
    return await wrapped_inner(event, kwargs)
           ^^^^^^^^^^^^^^^^^^^^^^^^^^^^^^^^^^
  File "C:\Users\user\AppData\Local\Programs\Python\Python311\Lib\site-packages\aiogram\dispatcher\event\handler.py", line 43, in call
    return await wrapped()
           ^^^^^^^^^^^^^^^
  File "D:\UJ_UNIVER_bot\handlers\user.py", line 930, in user_finish
    await _finish_and_show_result(bot, config, session_id, cb.from_user.id, reason="User tugatdi")
  File "D:\UJ_UNIVER_bot\handlers\user.py", line 386, in _finish_and_show_result
    correct = int(sess.get("correct_count", 0))
                  ^^^^^^^^
AttributeError: 'sqlite3.Row' object has no attribute 'get'
2026-02-15 20:43:57,546 | INFO | aiogram.event | Update id=886521108 is handled. Duration 452 ms by bot id=8401290907
2026-02-15 20:43:58,477 | INFO | aiogram.event | Update id=886521109 is handled. Duration 265 ms by bot id=8401290907
2026-02-15 20:43:59,567 | INFO | aiogram.event | Update id=886521110 is handled. Duration 297 ms by bot id=8401290907
2026-02-15 20:44:00,675 | INFO | aiogram.event | Update id=886521111 is handled. Duration 297 ms by bot id=8401290907
2026-02-15 20:44:03,474 | INFO | aiogram.event | Update id=886521112 is handled. Duration 265 ms by bot id=8401290907
2026-02-15 20:44:04,673 | INFO | aiogram.event | Update id=886521113 is handled. Duration 344 ms by bot id=8401290907
2026-02-15 20:44:08,074 | INFO | aiogram.event | Update id=886521114 is handled. Duration 328 ms by bot id=8401290907
2026-02-15 20:44:08,850 | INFO | aiogram.event | Update id=886521115 is handled. Duration 280 ms by bot id=8401290907
2026-02-15 20:44:09,839 | INFO | aiogram.event | Update id=886521116 is handled. Duration 264 ms by bot id=8401290907
2026-02-15 20:44:10,696 | INFO | aiogram.event | Update id=886521117 is not handled. Duration 15 ms by bot id=8401290907
2026-02-15 20:44:10,696 | ERROR | aiogram.event | Cause exception while process update id=886521117 by bot id=8401290907
AttributeError: 'sqlite3.Row' object has no attribute 'get'
Traceback (most recent call last):
  File "C:\Users\user\AppData\Local\Programs\Python\Python311\Lib\site-packages\aiogram\dispatcher\dispatcher.py", line 309, in _process_update
    response = await self.feed_update(bot, update, **kwargs)
               ^^^^^^^^^^^^^^^^^^^^^^^^^^^^^^^^^^^^^^^^^^^^^
  File "C:\Users\user\AppData\Local\Programs\Python\Python311\Lib\site-packages\aiogram\dispatcher\dispatcher.py", line 158, in feed_update
    response = await self.update.wrap_outer_middleware(
               ^^^^^^^^^^^^^^^^^^^^^^^^^^^^^^^^^^^^^^^^
  File "C:\Users\user\AppData\Local\Programs\Python\Python311\Lib\site-packages\aiogram\dispatcher\middlewares\error.py", line 25, in __call__
    return await handler(event, data)
           ^^^^^^^^^^^^^^^^^^^^^^^^^^
  File "C:\Users\user\AppData\Local\Programs\Python\Python311\Lib\site-packages\aiogram\dispatcher\middlewares\user_context.py", line 49, in __call__
    return await handler(event, data)
           ^^^^^^^^^^^^^^^^^^^^^^^^^^
  File "C:\Users\user\AppData\Local\Programs\Python\Python311\Lib\contextlib.py", line 222, in __aexit__
    await self.gen.athrow(typ, value, traceback)
  File "C:\Users\user\AppData\Local\Programs\Python\Python311\Lib\site-packages\aiogram\fsm\storage\memory.py", line 56, in lock
    yield
  File "C:\Users\user\AppData\Local\Programs\Python\Python311\Lib\site-packages\aiogram\fsm\middleware.py", line 42, in __call__
    return await handler(event, data)
           ^^^^^^^^^^^^^^^^^^^^^^^^^^
  File "C:\Users\user\AppData\Local\Programs\Python\Python311\Lib\site-packages\aiogram\dispatcher\event\telegram.py", line 121, in trigger
    return await wrapped_inner(event, kwargs)
           ^^^^^^^^^^^^^^^^^^^^^^^^^^^^^^^^^^
  File "C:\Users\user\AppData\Local\Programs\Python\Python311\Lib\site-packages\aiogram\dispatcher\event\handler.py", line 43, in call
    return await wrapped()
           ^^^^^^^^^^^^^^^
  File "C:\Users\user\AppData\Local\Programs\Python\Python311\Lib\site-packages\aiogram\dispatcher\dispatcher.py", line 276, in _listen_update
    return await self.propagate_event(update_type=update_type, event=event, **kwargs)
           ^^^^^^^^^^^^^^^^^^^^^^^^^^^^^^^^^^^^^^^^^^^^^^^^^^^^^^^^^^^^^^^^^^^^^^^^^^
  File "C:\Users\user\AppData\Local\Programs\Python\Python311\Lib\site-packages\aiogram\dispatcher\router.py", line 142, in propagate_event
    return await observer.wrap_outer_middleware(_wrapped, event=event, data=kwargs)
           ^^^^^^^^^^^^^^^^^^^^^^^^^^^^^^^^^^^^^^^^^^^^^^^^^^^^^^^^^^^^^^^^^^^^^^^^
  File "C:\Users\user\AppData\Local\Programs\Python\Python311\Lib\site-packages\aiogram\dispatcher\router.py", line 137, in _wrapped
    return await self._propagate_event(
           ^^^^^^^^^^^^^^^^^^^^^^^^^^^^
  File "C:\Users\user\AppData\Local\Programs\Python\Python311\Lib\site-packages\aiogram\dispatcher\router.py", line 170, in _propagate_event
    response = await router.propagate_event(update_type=update_type, event=event, **kwargs)
               ^^^^^^^^^^^^^^^^^^^^^^^^^^^^^^^^^^^^^^^^^^^^^^^^^^^^^^^^^^^^^^^^^^^^^^^^^^^^
  File "C:\Users\user\AppData\Local\Programs\Python\Python311\Lib\site-packages\aiogram\dispatcher\router.py", line 142, in propagate_event
    return await observer.wrap_outer_middleware(_wrapped, event=event, data=kwargs)
           ^^^^^^^^^^^^^^^^^^^^^^^^^^^^^^^^^^^^^^^^^^^^^^^^^^^^^^^^^^^^^^^^^^^^^^^^
  File "C:\Users\user\AppData\Local\Programs\Python\Python311\Lib\site-packages\aiogram\dispatcher\router.py", line 137, in _wrapped
    return await self._propagate_event(
           ^^^^^^^^^^^^^^^^^^^^^^^^^^^^
  File "C:\Users\user\AppData\Local\Programs\Python\Python311\Lib\site-packages\aiogram\dispatcher\router.py", line 162, in _propagate_event
    response = await observer.trigger(event, **kwargs)
               ^^^^^^^^^^^^^^^^^^^^^^^^^^^^^^^^^^^^^^^
  File "C:\Users\user\AppData\Local\Programs\Python\Python311\Lib\site-packages\aiogram\dispatcher\event\telegram.py", line 121, in trigger
    return await wrapped_inner(event, kwargs)
           ^^^^^^^^^^^^^^^^^^^^^^^^^^^^^^^^^^
  File "C:\Users\user\AppData\Local\Programs\Python\Python311\Lib\site-packages\aiogram\dispatcher\event\handler.py", line 43, in call
    return await wrapped()
           ^^^^^^^^^^^^^^^
  File "D:\UJ_UNIVER_bot\handlers\user.py", line 930, in user_finish
    await _finish_and_show_result(bot, config, session_id, cb.from_user.id, reason="User tugatdi")
  File "D:\UJ_UNIVER_bot\handlers\user.py", line 386, in _finish_and_show_result
    correct = int(sess.get("correct_count", 0))
                  ^^^^^^^^
AttributeError: 'sqlite3.Row' object has no attribute 'get'
2026-02-15 20:44:12,775 | INFO | aiogram.event | Update id=886521118 is not handled. Duration 15 ms by bot id=8401290907
2026-02-15 20:44:12,776 | ERROR | aiogram.event | Cause exception while process update id=886521118 by bot id=8401290907
AttributeError: 'sqlite3.Row' object has no attribute 'get'
Traceback (most recent call last):
  File "C:\Users\user\AppData\Local\Programs\Python\Python311\Lib\site-packages\aiogram\dispatcher\dispatcher.py", line 309, in _process_update
    response = await self.feed_update(bot, update, **kwargs)
               ^^^^^^^^^^^^^^^^^^^^^^^^^^^^^^^^^^^^^^^^^^^^^
  File "C:\Users\user\AppData\Local\Programs\Python\Python311\Lib\site-packages\aiogram\dispatcher\dispatcher.py", line 158, in feed_update
    response = await self.update.wrap_outer_middleware(
               ^^^^^^^^^^^^^^^^^^^^^^^^^^^^^^^^^^^^^^^^
  File "C:\Users\user\AppData\Local\Programs\Python\Python311\Lib\site-packages\aiogram\dispatcher\middlewares\error.py", line 25, in __call__
    return await handler(event, data)
           ^^^^^^^^^^^^^^^^^^^^^^^^^^
  File "C:\Users\user\AppData\Local\Programs\Python\Python311\Lib\site-packages\aiogram\dispatcher\middlewares\user_context.py", line 49, in __call__
    return await handler(event, data)
           ^^^^^^^^^^^^^^^^^^^^^^^^^^
  File "C:\Users\user\AppData\Local\Programs\Python\Python311\Lib\contextlib.py", line 222, in __aexit__
    await self.gen.athrow(typ, value, traceback)
  File "C:\Users\user\AppData\Local\Programs\Python\Python311\Lib\site-packages\aiogram\fsm\storage\memory.py", line 56, in lock
    yield
  File "C:\Users\user\AppData\Local\Programs\Python\Python311\Lib\site-packages\aiogram\fsm\middleware.py", line 42, in __call__
    return await handler(event, data)
           ^^^^^^^^^^^^^^^^^^^^^^^^^^
  File "C:\Users\user\AppData\Local\Programs\Python\Python311\Lib\site-packages\aiogram\dispatcher\event\telegram.py", line 121, in trigger
    return await wrapped_inner(event, kwargs)
           ^^^^^^^^^^^^^^^^^^^^^^^^^^^^^^^^^^
  File "C:\Users\user\AppData\Local\Programs\Python\Python311\Lib\site-packages\aiogram\dispatcher\event\handler.py", line 43, in call
    return await wrapped()
           ^^^^^^^^^^^^^^^
  File "C:\Users\user\AppData\Local\Programs\Python\Python311\Lib\site-packages\aiogram\dispatcher\dispatcher.py", line 276, in _listen_update
    return await self.propagate_event(update_type=update_type, event=event, **kwargs)
           ^^^^^^^^^^^^^^^^^^^^^^^^^^^^^^^^^^^^^^^^^^^^^^^^^^^^^^^^^^^^^^^^^^^^^^^^^^
  File "C:\Users\user\AppData\Local\Programs\Python\Python311\Lib\site-packages\aiogram\dispatcher\router.py", line 142, in propagate_event
    return await observer.wrap_outer_middleware(_wrapped, event=event, data=kwargs)
           ^^^^^^^^^^^^^^^^^^^^^^^^^^^^^^^^^^^^^^^^^^^^^^^^^^^^^^^^^^^^^^^^^^^^^^^^
  File "C:\Users\user\AppData\Local\Programs\Python\Python311\Lib\site-packages\aiogram\dispatcher\router.py", line 137, in _wrapped
    return await self._propagate_event(
           ^^^^^^^^^^^^^^^^^^^^^^^^^^^^
  File "C:\Users\user\AppData\Local\Programs\Python\Python311\Lib\site-packages\aiogram\dispatcher\router.py", line 170, in _propagate_event
    response = await router.propagate_event(update_type=update_type, event=event, **kwargs)
               ^^^^^^^^^^^^^^^^^^^^^^^^^^^^^^^^^^^^^^^^^^^^^^^^^^^^^^^^^^^^^^^^^^^^^^^^^^^^
  File "C:\Users\user\AppData\Local\Programs\Python\Python311\Lib\site-packages\aiogram\dispatcher\router.py", line 142, in propagate_event
    return await observer.wrap_outer_middleware(_wrapped, event=event, data=kwargs)
           ^^^^^^^^^^^^^^^^^^^^^^^^^^^^^^^^^^^^^^^^^^^^^^^^^^^^^^^^^^^^^^^^^^^^^^^^
  File "C:\Users\user\AppData\Local\Programs\Python\Python311\Lib\site-packages\aiogram\dispatcher\router.py", line 137, in _wrapped
    return await self._propagate_event(
           ^^^^^^^^^^^^^^^^^^^^^^^^^^^^
  File "C:\Users\user\AppData\Local\Programs\Python\Python311\Lib\site-packages\aiogram\dispatcher\router.py", line 162, in _propagate_event
    response = await observer.trigger(event, **kwargs)
               ^^^^^^^^^^^^^^^^^^^^^^^^^^^^^^^^^^^^^^^
  File "C:\Users\user\AppData\Local\Programs\Python\Python311\Lib\site-packages\aiogram\dispatcher\event\telegram.py", line 121, in trigger
    return await wrapped_inner(event, kwargs)
           ^^^^^^^^^^^^^^^^^^^^^^^^^^^^^^^^^^
  File "C:\Users\user\AppData\Local\Programs\Python\Python311\Lib\site-packages\aiogram\dispatcher\event\handler.py", line 43, in call
    return await wrapped()
           ^^^^^^^^^^^^^^^
  File "D:\UJ_UNIVER_bot\handlers\user.py", line 930, in user_finish
    await _finish_and_show_result(bot, config, session_id, cb.from_user.id, reason="User tugatdi")
  File "D:\UJ_UNIVER_bot\handlers\user.py", line 386, in _finish_and_show_result
    correct = int(sess.get("correct_count", 0))
                  ^^^^^^^^
AttributeError: 'sqlite3.Row' object has no attribute 'get'
2026-02-15 20:44:13,489 | INFO | aiogram.event | Update id=886521119 is not handled. Duration 31 ms by bot id=8401290907
2026-02-15 20:44:13,490 | ERROR | aiogram.event | Cause exception while process update id=886521119 by bot id=8401290907
AttributeError: 'sqlite3.Row' object has no attribute 'get'
Traceback (most recent call last):
  File "C:\Users\user\AppData\Local\Programs\Python\Python311\Lib\site-packages\aiogram\dispatcher\dispatcher.py", line 309, in _process_update
    response = await self.feed_update(bot, update, **kwargs)
               ^^^^^^^^^^^^^^^^^^^^^^^^^^^^^^^^^^^^^^^^^^^^^
  File "C:\Users\user\AppData\Local\Programs\Python\Python311\Lib\site-packages\aiogram\dispatcher\dispatcher.py", line 158, in feed_update
    response = await self.update.wrap_outer_middleware(
               ^^^^^^^^^^^^^^^^^^^^^^^^^^^^^^^^^^^^^^^^
  File "C:\Users\user\AppData\Local\Programs\Python\Python311\Lib\site-packages\aiogram\dispatcher\middlewares\error.py", line 25, in __call__
    return await handler(event, data)
           ^^^^^^^^^^^^^^^^^^^^^^^^^^
  File "C:\Users\user\AppData\Local\Programs\Python\Python311\Lib\site-packages\aiogram\dispatcher\middlewares\user_context.py", line 49, in __call__
    return await handler(event, data)
           ^^^^^^^^^^^^^^^^^^^^^^^^^^
  File "C:\Users\user\AppData\Local\Programs\Python\Python311\Lib\contextlib.py", line 222, in __aexit__
    await self.gen.athrow(typ, value, traceback)
  File "C:\Users\user\AppData\Local\Programs\Python\Python311\Lib\site-packages\aiogram\fsm\storage\memory.py", line 56, in lock
    yield
  File "C:\Users\user\AppData\Local\Programs\Python\Python311\Lib\site-packages\aiogram\fsm\middleware.py", line 42, in __call__
    return await handler(event, data)
           ^^^^^^^^^^^^^^^^^^^^^^^^^^
  File "C:\Users\user\AppData\Local\Programs\Python\Python311\Lib\site-packages\aiogram\dispatcher\event\telegram.py", line 121, in trigger
    return await wrapped_inner(event, kwargs)
           ^^^^^^^^^^^^^^^^^^^^^^^^^^^^^^^^^^
  File "C:\Users\user\AppData\Local\Programs\Python\Python311\Lib\site-packages\aiogram\dispatcher\event\handler.py", line 43, in call
    return await wrapped()
           ^^^^^^^^^^^^^^^
  File "C:\Users\user\AppData\Local\Programs\Python\Python311\Lib\site-packages\aiogram\dispatcher\dispatcher.py", line 276, in _listen_update
    return await self.propagate_event(update_type=update_type, event=event, **kwargs)
           ^^^^^^^^^^^^^^^^^^^^^^^^^^^^^^^^^^^^^^^^^^^^^^^^^^^^^^^^^^^^^^^^^^^^^^^^^^
  File "C:\Users\user\AppData\Local\Programs\Python\Python311\Lib\site-packages\aiogram\dispatcher\router.py", line 142, in propagate_event
    return await observer.wrap_outer_middleware(_wrapped, event=event, data=kwargs)
           ^^^^^^^^^^^^^^^^^^^^^^^^^^^^^^^^^^^^^^^^^^^^^^^^^^^^^^^^^^^^^^^^^^^^^^^^
  File "C:\Users\user\AppData\Local\Programs\Python\Python311\Lib\site-packages\aiogram\dispatcher\router.py", line 137, in _wrapped
    return await self._propagate_event(
           ^^^^^^^^^^^^^^^^^^^^^^^^^^^^
  File "C:\Users\user\AppData\Local\Programs\Python\Python311\Lib\site-packages\aiogram\dispatcher\router.py", line 170, in _propagate_event
    response = await router.propagate_event(update_type=update_type, event=event, **kwargs)
               ^^^^^^^^^^^^^^^^^^^^^^^^^^^^^^^^^^^^^^^^^^^^^^^^^^^^^^^^^^^^^^^^^^^^^^^^^^^^
  File "C:\Users\user\AppData\Local\Programs\Python\Python311\Lib\site-packages\aiogram\dispatcher\router.py", line 142, in propagate_event
    return await observer.wrap_outer_middleware(_wrapped, event=event, data=kwargs)
           ^^^^^^^^^^^^^^^^^^^^^^^^^^^^^^^^^^^^^^^^^^^^^^^^^^^^^^^^^^^^^^^^^^^^^^^^
  File "C:\Users\user\AppData\Local\Programs\Python\Python311\Lib\site-packages\aiogram\dispatcher\router.py", line 137, in _wrapped
    return await self._propagate_event(
           ^^^^^^^^^^^^^^^^^^^^^^^^^^^^
  File "C:\Users\user\AppData\Local\Programs\Python\Python311\Lib\site-packages\aiogram\dispatcher\router.py", line 162, in _propagate_event
    response = await observer.trigger(event, **kwargs)
               ^^^^^^^^^^^^^^^^^^^^^^^^^^^^^^^^^^^^^^^
  File "C:\Users\user\AppData\Local\Programs\Python\Python311\Lib\site-packages\aiogram\dispatcher\event\telegram.py", line 121, in trigger
    return await wrapped_inner(event, kwargs)
           ^^^^^^^^^^^^^^^^^^^^^^^^^^^^^^^^^^
  File "C:\Users\user\AppData\Local\Programs\Python\Python311\Lib\site-packages\aiogram\dispatcher\event\handler.py", line 43, in call
    return await wrapped()
           ^^^^^^^^^^^^^^^
  File "D:\UJ_UNIVER_bot\handlers\user.py", line 930, in user_finish
    await _finish_and_show_result(bot, config, session_id, cb.from_user.id, reason="User tugatdi")
  File "D:\UJ_UNIVER_bot\handlers\user.py", line 386, in _finish_and_show_result
    correct = int(sess.get("correct_count", 0))
                  ^^^^^^^^
AttributeError: 'sqlite3.Row' object has no attribute 'get'
2026-02-15 20:44:14,209 | INFO | aiogram.event | Update id=886521120 is not handled. Duration 30 ms by bot id=8401290907
2026-02-15 20:44:14,209 | ERROR | aiogram.event | Cause exception while process update id=886521120 by bot id=8401290907
AttributeError: 'sqlite3.Row' object has no attribute 'get'
Traceback (most recent call last):
  File "C:\Users\user\AppData\Local\Programs\Python\Python311\Lib\site-packages\aiogram\dispatcher\dispatcher.py", line 309, in _process_update
    response = await self.feed_update(bot, update, **kwargs)
               ^^^^^^^^^^^^^^^^^^^^^^^^^^^^^^^^^^^^^^^^^^^^^
  File "C:\Users\user\AppData\Local\Programs\Python\Python311\Lib\site-packages\aiogram\dispatcher\dispatcher.py", line 158, in feed_update
    response = await self.update.wrap_outer_middleware(
               ^^^^^^^^^^^^^^^^^^^^^^^^^^^^^^^^^^^^^^^^
  File "C:\Users\user\AppData\Local\Programs\Python\Python311\Lib\site-packages\aiogram\dispatcher\middlewares\error.py", line 25, in __call__
    return await handler(event, data)
           ^^^^^^^^^^^^^^^^^^^^^^^^^^
  File "C:\Users\user\AppData\Local\Programs\Python\Python311\Lib\site-packages\aiogram\dispatcher\middlewares\user_context.py", line 49, in __call__
    return await handler(event, data)
           ^^^^^^^^^^^^^^^^^^^^^^^^^^
  File "C:\Users\user\AppData\Local\Programs\Python\Python311\Lib\contextlib.py", line 222, in __aexit__
    await self.gen.athrow(typ, value, traceback)
  File "C:\Users\user\AppData\Local\Programs\Python\Python311\Lib\site-packages\aiogram\fsm\storage\memory.py", line 56, in lock
    yield
  File "C:\Users\user\AppData\Local\Programs\Python\Python311\Lib\site-packages\aiogram\fsm\middleware.py", line 42, in __call__
    return await handler(event, data)
           ^^^^^^^^^^^^^^^^^^^^^^^^^^
  File "C:\Users\user\AppData\Local\Programs\Python\Python311\Lib\site-packages\aiogram\dispatcher\event\telegram.py", line 121, in trigger
    return await wrapped_inner(event, kwargs)
           ^^^^^^^^^^^^^^^^^^^^^^^^^^^^^^^^^^
  File "C:\Users\user\AppData\Local\Programs\Python\Python311\Lib\site-packages\aiogram\dispatcher\event\handler.py", line 43, in call
    return await wrapped()
           ^^^^^^^^^^^^^^^
  File "C:\Users\user\AppData\Local\Programs\Python\Python311\Lib\site-packages\aiogram\dispatcher\dispatcher.py", line 276, in _listen_update
    return await self.propagate_event(update_type=update_type, event=event, **kwargs)
           ^^^^^^^^^^^^^^^^^^^^^^^^^^^^^^^^^^^^^^^^^^^^^^^^^^^^^^^^^^^^^^^^^^^^^^^^^^
  File "C:\Users\user\AppData\Local\Programs\Python\Python311\Lib\site-packages\aiogram\dispatcher\router.py", line 142, in propagate_event
    return await observer.wrap_outer_middleware(_wrapped, event=event, data=kwargs)
           ^^^^^^^^^^^^^^^^^^^^^^^^^^^^^^^^^^^^^^^^^^^^^^^^^^^^^^^^^^^^^^^^^^^^^^^^
  File "C:\Users\user\AppData\Local\Programs\Python\Python311\Lib\site-packages\aiogram\dispatcher\router.py", line 137, in _wrapped
    return await self._propagate_event(
           ^^^^^^^^^^^^^^^^^^^^^^^^^^^^
  File "C:\Users\user\AppData\Local\Programs\Python\Python311\Lib\site-packages\aiogram\dispatcher\router.py", line 170, in _propagate_event
    response = await router.propagate_event(update_type=update_type, event=event, **kwargs)
               ^^^^^^^^^^^^^^^^^^^^^^^^^^^^^^^^^^^^^^^^^^^^^^^^^^^^^^^^^^^^^^^^^^^^^^^^^^^^
  File "C:\Users\user\AppData\Local\Programs\Python\Python311\Lib\site-packages\aiogram\dispatcher\router.py", line 142, in propagate_event
    return await observer.wrap_outer_middleware(_wrapped, event=event, data=kwargs)
           ^^^^^^^^^^^^^^^^^^^^^^^^^^^^^^^^^^^^^^^^^^^^^^^^^^^^^^^^^^^^^^^^^^^^^^^^
  File "C:\Users\user\AppData\Local\Programs\Python\Python311\Lib\site-packages\aiogram\dispatcher\router.py", line 137, in _wrapped
    return await self._propagate_event(
           ^^^^^^^^^^^^^^^^^^^^^^^^^^^^
  File "C:\Users\user\AppData\Local\Programs\Python\Python311\Lib\site-packages\aiogram\dispatcher\router.py", line 162, in _propagate_event
    response = await observer.trigger(event, **kwargs)
               ^^^^^^^^^^^^^^^^^^^^^^^^^^^^^^^^^^^^^^^
  File "C:\Users\user\AppData\Local\Programs\Python\Python311\Lib\site-packages\aiogram\dispatcher\event\telegram.py", line 121, in trigger
    return await wrapped_inner(event, kwargs)
           ^^^^^^^^^^^^^^^^^^^^^^^^^^^^^^^^^^
  File "C:\Users\user\AppData\Local\Programs\Python\Python311\Lib\site-packages\aiogram\dispatcher\event\handler.py", line 43, in call
    return await wrapped()
           ^^^^^^^^^^^^^^^
  File "D:\UJ_UNIVER_bot\handlers\user.py", line 930, in user_finish
    await _finish_and_show_result(bot, config, session_id, cb.from_user.id, reason="User tugatdi")
  File "D:\UJ_UNIVER_bot\handlers\user.py", line 386, in _finish_and_show_result
    correct = int(sess.get("correct_count", 0))
                  ^^^^^^^^
AttributeError: 'sqlite3.Row' object has no attribute 'get'
2026-02-15 20:45:46,007 | INFO | aiogram.dispatcher | Start polling
2026-02-15 20:45:46,125 | INFO | aiogram.dispatcher | Run polling for bot @UJ_UNIVER_bot id=8401290907 - 'UJ_UNIVER'
2026-02-15 20:45:46,766 | INFO | aiogram.event | Update id=886521122 is handled. Duration 484 ms by bot id=8401290907
2026-02-15 20:45:48,541 | INFO | aiogram.event | Update id=886521123 is handled. Duration 264 ms by bot id=8401290907
2026-02-15 20:45:49,825 | INFO | aiogram.event | Update id=886521124 is handled. Duration 344 ms by bot id=8401290907
2026-02-15 20:45:50,698 | INFO | aiogram.event | Update id=886521125 is handled. Duration 157 ms by bot id=8401290907
2026-02-15 20:45:53,444 | INFO | aiogram.event | Update id=886521126 is not handled. Duration 15 ms by bot id=8401290907
2026-02-15 20:45:53,444 | ERROR | aiogram.event | Cause exception while process update id=886521126 by bot id=8401290907
AttributeError: 'sqlite3.Row' object has no attribute 'get'
Traceback (most recent call last):
  File "C:\Users\user\AppData\Local\Programs\Python\Python311\Lib\site-packages\aiogram\dispatcher\dispatcher.py", line 309, in _process_update
    response = await self.feed_update(bot, update, **kwargs)
               ^^^^^^^^^^^^^^^^^^^^^^^^^^^^^^^^^^^^^^^^^^^^^
  File "C:\Users\user\AppData\Local\Programs\Python\Python311\Lib\site-packages\aiogram\dispatcher\dispatcher.py", line 158, in feed_update
    response = await self.update.wrap_outer_middleware(
               ^^^^^^^^^^^^^^^^^^^^^^^^^^^^^^^^^^^^^^^^
  File "C:\Users\user\AppData\Local\Programs\Python\Python311\Lib\site-packages\aiogram\dispatcher\middlewares\error.py", line 25, in __call__
    return await handler(event, data)
           ^^^^^^^^^^^^^^^^^^^^^^^^^^
  File "C:\Users\user\AppData\Local\Programs\Python\Python311\Lib\site-packages\aiogram\dispatcher\middlewares\user_context.py", line 49, in __call__
    return await handler(event, data)
           ^^^^^^^^^^^^^^^^^^^^^^^^^^
  File "C:\Users\user\AppData\Local\Programs\Python\Python311\Lib\contextlib.py", line 222, in __aexit__
    await self.gen.athrow(typ, value, traceback)
  File "C:\Users\user\AppData\Local\Programs\Python\Python311\Lib\site-packages\aiogram\fsm\storage\memory.py", line 56, in lock
    yield
  File "C:\Users\user\AppData\Local\Programs\Python\Python311\Lib\site-packages\aiogram\fsm\middleware.py", line 42, in __call__
    return await handler(event, data)
           ^^^^^^^^^^^^^^^^^^^^^^^^^^
  File "C:\Users\user\AppData\Local\Programs\Python\Python311\Lib\site-packages\aiogram\dispatcher\event\telegram.py", line 121, in trigger
    return await wrapped_inner(event, kwargs)
           ^^^^^^^^^^^^^^^^^^^^^^^^^^^^^^^^^^
  File "C:\Users\user\AppData\Local\Programs\Python\Python311\Lib\site-packages\aiogram\dispatcher\event\handler.py", line 43, in call
    return await wrapped()
           ^^^^^^^^^^^^^^^
  File "C:\Users\user\AppData\Local\Programs\Python\Python311\Lib\site-packages\aiogram\dispatcher\dispatcher.py", line 276, in _listen_update
    return await self.propagate_event(update_type=update_type, event=event, **kwargs)
           ^^^^^^^^^^^^^^^^^^^^^^^^^^^^^^^^^^^^^^^^^^^^^^^^^^^^^^^^^^^^^^^^^^^^^^^^^^
  File "C:\Users\user\AppData\Local\Programs\Python\Python311\Lib\site-packages\aiogram\dispatcher\router.py", line 142, in propagate_event
    return await observer.wrap_outer_middleware(_wrapped, event=event, data=kwargs)
           ^^^^^^^^^^^^^^^^^^^^^^^^^^^^^^^^^^^^^^^^^^^^^^^^^^^^^^^^^^^^^^^^^^^^^^^^
  File "C:\Users\user\AppData\Local\Programs\Python\Python311\Lib\site-packages\aiogram\dispatcher\router.py", line 137, in _wrapped
    return await self._propagate_event(
           ^^^^^^^^^^^^^^^^^^^^^^^^^^^^
  File "C:\Users\user\AppData\Local\Programs\Python\Python311\Lib\site-packages\aiogram\dispatcher\router.py", line 170, in _propagate_event
    response = await router.propagate_event(update_type=update_type, event=event, **kwargs)
               ^^^^^^^^^^^^^^^^^^^^^^^^^^^^^^^^^^^^^^^^^^^^^^^^^^^^^^^^^^^^^^^^^^^^^^^^^^^^
  File "C:\Users\user\AppData\Local\Programs\Python\Python311\Lib\site-packages\aiogram\dispatcher\router.py", line 142, in propagate_event
    return await observer.wrap_outer_middleware(_wrapped, event=event, data=kwargs)
           ^^^^^^^^^^^^^^^^^^^^^^^^^^^^^^^^^^^^^^^^^^^^^^^^^^^^^^^^^^^^^^^^^^^^^^^^
  File "C:\Users\user\AppData\Local\Programs\Python\Python311\Lib\site-packages\aiogram\dispatcher\router.py", line 137, in _wrapped
    return await self._propagate_event(
           ^^^^^^^^^^^^^^^^^^^^^^^^^^^^
  File "C:\Users\user\AppData\Local\Programs\Python\Python311\Lib\site-packages\aiogram\dispatcher\router.py", line 162, in _propagate_event
    response = await observer.trigger(event, **kwargs)
               ^^^^^^^^^^^^^^^^^^^^^^^^^^^^^^^^^^^^^^^
  File "C:\Users\user\AppData\Local\Programs\Python\Python311\Lib\site-packages\aiogram\dispatcher\event\telegram.py", line 121, in trigger
    return await wrapped_inner(event, kwargs)
           ^^^^^^^^^^^^^^^^^^^^^^^^^^^^^^^^^^
  File "C:\Users\user\AppData\Local\Programs\Python\Python311\Lib\site-packages\aiogram\dispatcher\event\handler.py", line 43, in call
    return await wrapped()
           ^^^^^^^^^^^^^^^
  File "D:\UJ_UNIVER_bot\handlers\user.py", line 963, in user_finish
    await _finish_and_show_result(bot, config, session_id, cb.from_user.id, reason="User tugatdi")
  File "D:\UJ_UNIVER_bot\handlers\user.py", line 419, in _finish_and_show_result
    correct = int(sess.get("correct_count", 0))
                  ^^^^^^^^
AttributeError: 'sqlite3.Row' object has no attribute 'get'
2026-02-15 20:45:54,929 | INFO | aiogram.event | Update id=886521127 is handled. Duration 297 ms by bot id=8401290907
2026-02-15 20:45:55,907 | INFO | aiogram.event | Update id=886521128 is handled. Duration 280 ms by bot id=8401290907
2026-02-15 20:45:56,895 | INFO | aiogram.event | Update id=886521129 is handled. Duration 312 ms by bot id=8401290907
2026-02-15 20:45:57,965 | INFO | aiogram.event | Update id=886521130 is handled. Duration 422 ms by bot id=8401290907
2026-02-15 20:45:58,935 | INFO | aiogram.event | Update id=886521131 is handled. Duration 422 ms by bot id=8401290907
2026-02-15 20:46:01,517 | INFO | aiogram.event | Update id=886521132 is handled. Duration 296 ms by bot id=8401290907
2026-02-15 20:46:02,683 | INFO | aiogram.event | Update id=886521133 is handled. Duration 469 ms by bot id=8401290907
2026-02-15 20:46:03,807 | INFO | aiogram.event | Update id=886521134 is handled. Duration 297 ms by bot id=8401290907
2026-02-15 20:46:04,788 | INFO | aiogram.event | Update id=886521135 is handled. Duration 280 ms by bot id=8401290907
2026-02-15 20:46:05,812 | INFO | aiogram.event | Update id=886521136 is handled. Duration 266 ms by bot id=8401290907
2026-02-15 20:46:07,209 | INFO | aiogram.event | Update id=886521137 is handled. Duration 328 ms by bot id=8401290907
2026-02-15 20:46:08,020 | INFO | aiogram.event | Update id=886521138 is handled. Duration 265 ms by bot id=8401290907
2026-02-15 20:46:08,910 | INFO | aiogram.event | Update id=886521139 is handled. Duration 280 ms by bot id=8401290907
2026-02-15 20:46:09,847 | INFO | aiogram.event | Update id=886521140 is handled. Duration 296 ms by bot id=8401290907
2026-02-15 20:46:10,779 | INFO | aiogram.event | Update id=886521141 is not handled. Duration 15 ms by bot id=8401290907
2026-02-15 20:46:15,642 | INFO | aiogram.event | Update id=886521142 is not handled. Duration 30 ms by bot id=8401290907
2026-02-15 20:46:16,777 | INFO | aiogram.event | Update id=886521143 is not handled. Duration 15 ms by bot id=8401290907
2026-02-15 20:46:18,031 | INFO | aiogram.event | Update id=886521144 is handled. Duration 125 ms by bot id=8401290907
2026-02-15 20:46:19,586 | INFO | aiogram.event | Update id=886521145 is handled. Duration 343 ms by bot id=8401290907
2026-02-15 20:46:20,680 | INFO | aiogram.event | Update id=886521146 is not handled. Duration 16 ms by bot id=8401290907
2026-02-15 20:46:24,040 | INFO | aiogram.event | Update id=886521147 is handled. Duration 500 ms by bot id=8401290907
2026-02-15 20:46:25,023 | INFO | aiogram.event | Update id=886521148 is handled. Duration 500 ms by bot id=8401290907
2026-02-15 20:46:25,798 | INFO | aiogram.event | Update id=886521149 is handled. Duration 297 ms by bot id=8401290907
2026-02-15 20:46:26,622 | INFO | aiogram.event | Update id=886521150 is handled. Duration 281 ms by bot id=8401290907
2026-02-15 20:46:27,232 | INFO | aiogram.event | Update id=886521151 is not handled. Duration 30 ms by bot id=8401290907
2026-02-15 20:46:27,233 | ERROR | aiogram.event | Cause exception while process update id=886521151 by bot id=8401290907
AttributeError: 'sqlite3.Row' object has no attribute 'get'
Traceback (most recent call last):
  File "C:\Users\user\AppData\Local\Programs\Python\Python311\Lib\site-packages\aiogram\dispatcher\dispatcher.py", line 309, in _process_update
    response = await self.feed_update(bot, update, **kwargs)
               ^^^^^^^^^^^^^^^^^^^^^^^^^^^^^^^^^^^^^^^^^^^^^
  File "C:\Users\user\AppData\Local\Programs\Python\Python311\Lib\site-packages\aiogram\dispatcher\dispatcher.py", line 158, in feed_update
    response = await self.update.wrap_outer_middleware(
               ^^^^^^^^^^^^^^^^^^^^^^^^^^^^^^^^^^^^^^^^
  File "C:\Users\user\AppData\Local\Programs\Python\Python311\Lib\site-packages\aiogram\dispatcher\middlewares\error.py", line 25, in __call__
    return await handler(event, data)
           ^^^^^^^^^^^^^^^^^^^^^^^^^^
  File "C:\Users\user\AppData\Local\Programs\Python\Python311\Lib\site-packages\aiogram\dispatcher\middlewares\user_context.py", line 49, in __call__
    return await handler(event, data)
           ^^^^^^^^^^^^^^^^^^^^^^^^^^
  File "C:\Users\user\AppData\Local\Programs\Python\Python311\Lib\contextlib.py", line 222, in __aexit__
    await self.gen.athrow(typ, value, traceback)
  File "C:\Users\user\AppData\Local\Programs\Python\Python311\Lib\site-packages\aiogram\fsm\storage\memory.py", line 56, in lock
    yield
  File "C:\Users\user\AppData\Local\Programs\Python\Python311\Lib\site-packages\aiogram\fsm\middleware.py", line 42, in __call__
    return await handler(event, data)
           ^^^^^^^^^^^^^^^^^^^^^^^^^^
  File "C:\Users\user\AppData\Local\Programs\Python\Python311\Lib\site-packages\aiogram\dispatcher\event\telegram.py", line 121, in trigger
    return await wrapped_inner(event, kwargs)
           ^^^^^^^^^^^^^^^^^^^^^^^^^^^^^^^^^^
  File "C:\Users\user\AppData\Local\Programs\Python\Python311\Lib\site-packages\aiogram\dispatcher\event\handler.py", line 43, in call
    return await wrapped()
           ^^^^^^^^^^^^^^^
  File "C:\Users\user\AppData\Local\Programs\Python\Python311\Lib\site-packages\aiogram\dispatcher\dispatcher.py", line 276, in _listen_update
    return await self.propagate_event(update_type=update_type, event=event, **kwargs)
           ^^^^^^^^^^^^^^^^^^^^^^^^^^^^^^^^^^^^^^^^^^^^^^^^^^^^^^^^^^^^^^^^^^^^^^^^^^
  File "C:\Users\user\AppData\Local\Programs\Python\Python311\Lib\site-packages\aiogram\dispatcher\router.py", line 142, in propagate_event
    return await observer.wrap_outer_middleware(_wrapped, event=event, data=kwargs)
           ^^^^^^^^^^^^^^^^^^^^^^^^^^^^^^^^^^^^^^^^^^^^^^^^^^^^^^^^^^^^^^^^^^^^^^^^
  File "C:\Users\user\AppData\Local\Programs\Python\Python311\Lib\site-packages\aiogram\dispatcher\router.py", line 137, in _wrapped
    return await self._propagate_event(
           ^^^^^^^^^^^^^^^^^^^^^^^^^^^^
  File "C:\Users\user\AppData\Local\Programs\Python\Python311\Lib\site-packages\aiogram\dispatcher\router.py", line 170, in _propagate_event
    response = await router.propagate_event(update_type=update_type, event=event, **kwargs)
               ^^^^^^^^^^^^^^^^^^^^^^^^^^^^^^^^^^^^^^^^^^^^^^^^^^^^^^^^^^^^^^^^^^^^^^^^^^^^
  File "C:\Users\user\AppData\Local\Programs\Python\Python311\Lib\site-packages\aiogram\dispatcher\router.py", line 142, in propagate_event
    return await observer.wrap_outer_middleware(_wrapped, event=event, data=kwargs)
           ^^^^^^^^^^^^^^^^^^^^^^^^^^^^^^^^^^^^^^^^^^^^^^^^^^^^^^^^^^^^^^^^^^^^^^^^
  File "C:\Users\user\AppData\Local\Programs\Python\Python311\Lib\site-packages\aiogram\dispatcher\router.py", line 137, in _wrapped
    return await self._propagate_event(
           ^^^^^^^^^^^^^^^^^^^^^^^^^^^^
  File "C:\Users\user\AppData\Local\Programs\Python\Python311\Lib\site-packages\aiogram\dispatcher\router.py", line 162, in _propagate_event
    response = await observer.trigger(event, **kwargs)
               ^^^^^^^^^^^^^^^^^^^^^^^^^^^^^^^^^^^^^^^
  File "C:\Users\user\AppData\Local\Programs\Python\Python311\Lib\site-packages\aiogram\dispatcher\event\telegram.py", line 121, in trigger
    return await wrapped_inner(event, kwargs)
           ^^^^^^^^^^^^^^^^^^^^^^^^^^^^^^^^^^
  File "C:\Users\user\AppData\Local\Programs\Python\Python311\Lib\site-packages\aiogram\dispatcher\event\handler.py", line 43, in call
    return await wrapped()
           ^^^^^^^^^^^^^^^
  File "D:\UJ_UNIVER_bot\handlers\user.py", line 946, in user_answer
    await _render_question(bot, config, session_id, cb.from_user.id)
  File "D:\UJ_UNIVER_bot\handlers\user.py", line 514, in _render_question
    await _finish_and_show_result(bot, config, session_id, user_chat_id, reason="Savollar tugadi")
  File "D:\UJ_UNIVER_bot\handlers\user.py", line 419, in _finish_and_show_result
    correct = int(sess.get("correct_count", 0))
                  ^^^^^^^^
AttributeError: 'sqlite3.Row' object has no attribute 'get'
2026-02-15 20:46:29,318 | INFO | aiogram.event | Update id=886521152 is handled. Duration 140 ms by bot id=8401290907
2026-02-15 20:46:30,124 | INFO | aiogram.event | Update id=886521153 is handled. Duration 125 ms by bot id=8401290907
2026-02-15 20:46:33,639 | INFO | aiogram.event | Update id=886521154 is handled. Duration 186 ms by bot id=8401290907
2026-02-15 20:46:34,733 | INFO | aiogram.event | Update id=886521155 is handled. Duration 234 ms by bot id=8401290907
2026-02-15 20:46:36,123 | INFO | aiogram.event | Update id=886521156 is handled. Duration 125 ms by bot id=8401290907
2026-02-15 20:46:37,299 | INFO | aiogram.event | Update id=886521157 is handled. Duration 187 ms by bot id=8401290907
2026-02-15 20:46:39,412 | INFO | aiogram.event | Update id=886521158 is not handled. Duration 14 ms by bot id=8401290907
2026-02-15 20:46:40,311 | INFO | aiogram.event | Update id=886521159 is handled. Duration 141 ms by bot id=8401290907
2026-02-15 20:46:42,576 | INFO | aiogram.event | Update id=886521160 is handled. Duration 282 ms by bot id=8401290907
2026-02-15 20:46:44,324 | INFO | aiogram.event | Update id=886521161 is handled. Duration 203 ms by bot id=8401290907
2026-02-15 20:46:45,221 | INFO | aiogram.event | Update id=886521162 is handled. Duration 155 ms by bot id=8401290907
2026-02-15 20:46:49,937 | INFO | aiogram.event | Update id=886521163 is handled. Duration 109 ms by bot id=8401290907
2026-02-15 20:46:51,658 | INFO | aiogram.event | Update id=886521164 is handled. Duration 467 ms by bot id=8401290907
2026-02-15 20:46:53,076 | INFO | aiogram.event | Update id=886521165 is handled. Duration 250 ms by bot id=8401290907
2026-02-15 20:46:54,019 | INFO | aiogram.event | Update id=886521166 is handled. Duration 250 ms by bot id=8401290907
2026-02-15 20:46:55,204 | INFO | aiogram.event | Update id=886521167 is handled. Duration 422 ms by bot id=8401290907
2026-02-15 20:46:55,916 | INFO | aiogram.event | Update id=886521168 is handled. Duration 139 ms by bot id=8401290907
2026-02-15 20:46:57,175 | INFO | aiogram.event | Update id=886521169 is handled. Duration 312 ms by bot id=8401290907
2026-02-15 20:46:57,951 | INFO | aiogram.event | Update id=886521170 is not handled. Duration 15 ms by bot id=8401290907
2026-02-15 20:46:59,999 | INFO | aiogram.event | Update id=886521171 is not handled. Duration 15 ms by bot id=8401290907
2026-02-15 20:47:00,293 | INFO | aiogram.event | Update id=886521172 is not handled. Duration 14 ms by bot id=8401290907
2026-02-15 20:47:00,917 | INFO | aiogram.event | Update id=886521173 is not handled. Duration 14 ms by bot id=8401290907
2026-02-15 20:47:01,184 | INFO | aiogram.event | Update id=886521174 is not handled. Duration 16 ms by bot id=8401290907
2026-02-15 20:47:05,064 | INFO | aiogram.event | Update id=886521175 is not handled. Duration 32 ms by bot id=8401290907
2026-02-15 20:47:23,087 | INFO | aiogram.event | Update id=886521176 is not handled. Duration 14 ms by bot id=8401290907
2026-02-15 20:47:24,748 | INFO | aiogram.event | Update id=886521177 is handled. Duration 329 ms by bot id=8401290907
2026-02-15 20:47:28,181 | INFO | aiogram.event | Update id=886521178 is not handled. Duration 31 ms by bot id=8401290907
2026-02-15 20:47:28,181 | ERROR | aiogram.event | Cause exception while process update id=886521178 by bot id=8401290907
AttributeError: 'sqlite3.Row' object has no attribute 'get'
Traceback (most recent call last):
  File "C:\Users\user\AppData\Local\Programs\Python\Python311\Lib\site-packages\aiogram\dispatcher\dispatcher.py", line 309, in _process_update
    response = await self.feed_update(bot, update, **kwargs)
               ^^^^^^^^^^^^^^^^^^^^^^^^^^^^^^^^^^^^^^^^^^^^^
  File "C:\Users\user\AppData\Local\Programs\Python\Python311\Lib\site-packages\aiogram\dispatcher\dispatcher.py", line 158, in feed_update
    response = await self.update.wrap_outer_middleware(
               ^^^^^^^^^^^^^^^^^^^^^^^^^^^^^^^^^^^^^^^^
  File "C:\Users\user\AppData\Local\Programs\Python\Python311\Lib\site-packages\aiogram\dispatcher\middlewares\error.py", line 25, in __call__
    return await handler(event, data)
           ^^^^^^^^^^^^^^^^^^^^^^^^^^
  File "C:\Users\user\AppData\Local\Programs\Python\Python311\Lib\site-packages\aiogram\dispatcher\middlewares\user_context.py", line 49, in __call__
    return await handler(event, data)
           ^^^^^^^^^^^^^^^^^^^^^^^^^^
  File "C:\Users\user\AppData\Local\Programs\Python\Python311\Lib\contextlib.py", line 222, in __aexit__
    await self.gen.athrow(typ, value, traceback)
  File "C:\Users\user\AppData\Local\Programs\Python\Python311\Lib\site-packages\aiogram\fsm\storage\memory.py", line 56, in lock
    yield
  File "C:\Users\user\AppData\Local\Programs\Python\Python311\Lib\site-packages\aiogram\fsm\middleware.py", line 42, in __call__
    return await handler(event, data)
           ^^^^^^^^^^^^^^^^^^^^^^^^^^
  File "C:\Users\user\AppData\Local\Programs\Python\Python311\Lib\site-packages\aiogram\dispatcher\event\telegram.py", line 121, in trigger
    return await wrapped_inner(event, kwargs)
           ^^^^^^^^^^^^^^^^^^^^^^^^^^^^^^^^^^
  File "C:\Users\user\AppData\Local\Programs\Python\Python311\Lib\site-packages\aiogram\dispatcher\event\handler.py", line 43, in call
    return await wrapped()
           ^^^^^^^^^^^^^^^
  File "C:\Users\user\AppData\Local\Programs\Python\Python311\Lib\site-packages\aiogram\dispatcher\dispatcher.py", line 276, in _listen_update
    return await self.propagate_event(update_type=update_type, event=event, **kwargs)
           ^^^^^^^^^^^^^^^^^^^^^^^^^^^^^^^^^^^^^^^^^^^^^^^^^^^^^^^^^^^^^^^^^^^^^^^^^^
  File "C:\Users\user\AppData\Local\Programs\Python\Python311\Lib\site-packages\aiogram\dispatcher\router.py", line 142, in propagate_event
    return await observer.wrap_outer_middleware(_wrapped, event=event, data=kwargs)
           ^^^^^^^^^^^^^^^^^^^^^^^^^^^^^^^^^^^^^^^^^^^^^^^^^^^^^^^^^^^^^^^^^^^^^^^^
  File "C:\Users\user\AppData\Local\Programs\Python\Python311\Lib\site-packages\aiogram\dispatcher\router.py", line 137, in _wrapped
    return await self._propagate_event(
           ^^^^^^^^^^^^^^^^^^^^^^^^^^^^
  File "C:\Users\user\AppData\Local\Programs\Python\Python311\Lib\site-packages\aiogram\dispatcher\router.py", line 170, in _propagate_event
    response = await router.propagate_event(update_type=update_type, event=event, **kwargs)
               ^^^^^^^^^^^^^^^^^^^^^^^^^^^^^^^^^^^^^^^^^^^^^^^^^^^^^^^^^^^^^^^^^^^^^^^^^^^^
  File "C:\Users\user\AppData\Local\Programs\Python\Python311\Lib\site-packages\aiogram\dispatcher\router.py", line 142, in propagate_event
    return await observer.wrap_outer_middleware(_wrapped, event=event, data=kwargs)
           ^^^^^^^^^^^^^^^^^^^^^^^^^^^^^^^^^^^^^^^^^^^^^^^^^^^^^^^^^^^^^^^^^^^^^^^^
  File "C:\Users\user\AppData\Local\Programs\Python\Python311\Lib\site-packages\aiogram\dispatcher\router.py", line 137, in _wrapped
    return await self._propagate_event(
           ^^^^^^^^^^^^^^^^^^^^^^^^^^^^
  File "C:\Users\user\AppData\Local\Programs\Python\Python311\Lib\site-packages\aiogram\dispatcher\router.py", line 162, in _propagate_event
    response = await observer.trigger(event, **kwargs)
               ^^^^^^^^^^^^^^^^^^^^^^^^^^^^^^^^^^^^^^^
  File "C:\Users\user\AppData\Local\Programs\Python\Python311\Lib\site-packages\aiogram\dispatcher\event\telegram.py", line 121, in trigger
    return await wrapped_inner(event, kwargs)
           ^^^^^^^^^^^^^^^^^^^^^^^^^^^^^^^^^^
  File "C:\Users\user\AppData\Local\Programs\Python\Python311\Lib\site-packages\aiogram\dispatcher\event\handler.py", line 43, in call
    return await wrapped()
           ^^^^^^^^^^^^^^^
  File "D:\UJ_UNIVER_bot\handlers\user.py", line 963, in user_finish
    await _finish_and_show_result(bot, config, session_id, cb.from_user.id, reason="User tugatdi")
  File "D:\UJ_UNIVER_bot\handlers\user.py", line 419, in _finish_and_show_result
    correct = int(sess.get("correct_count", 0))
                  ^^^^^^^^
AttributeError: 'sqlite3.Row' object has no attribute 'get'
2026-02-15 20:47:28,772 | INFO | aiogram.event | Update id=886521179 is handled. Duration 125 ms by bot id=8401290907
2026-02-15 20:47:28,979 | INFO | aiogram.event | Update id=886521180 is handled. Duration 125 ms by bot id=8401290907
2026-02-15 20:54:40,805 | INFO | aiogram.dispatcher | Start polling
2026-02-15 20:54:40,905 | INFO | aiogram.dispatcher | Run polling for bot @UJ_UNIVER_bot id=8401290907 - 'UJ_UNIVER'
2026-02-15 20:54:51,752 | INFO | aiogram.event | Update id=886521181 is handled. Duration 389 ms by bot id=8401290907
2026-02-15 20:54:53,123 | INFO | aiogram.event | Update id=886521182 is handled. Duration 406 ms by bot id=8401290907
2026-02-15 20:54:54,871 | INFO | aiogram.event | Update id=886521183 is not handled. Duration 15 ms by bot id=8401290907
2026-02-15 20:55:00,404 | INFO | aiogram.event | Update id=886521184 is handled. Duration 280 ms by bot id=8401290907
2026-02-15 20:55:01,327 | INFO | aiogram.event | Update id=886521185 is not handled. Duration 15 ms by bot id=8401290907
2026-02-15 20:55:04,227 | INFO | aiogram.event | Update id=886521186 is handled. Duration 125 ms by bot id=8401290907
2026-02-15 20:55:07,664 | INFO | aiogram.event | Update id=886521187 is handled. Duration 436 ms by bot id=8401290907
2026-02-15 20:55:09,643 | INFO | aiogram.event | Update id=886521188 is handled. Duration 421 ms by bot id=8401290907
2026-02-15 20:55:10,879 | INFO | aiogram.event | Update id=886521189 is not handled. Duration 14 ms by bot id=8401290907
2026-02-15 20:55:12,725 | INFO | aiogram.event | Update id=886521190 is handled. Duration 155 ms by bot id=8401290907
2026-02-15 20:55:13,953 | INFO | aiogram.event | Update id=886521191 is handled. Duration 313 ms by bot id=8401290907
2026-02-15 20:55:17,575 | INFO | aiogram.event | Update id=886521192 is handled. Duration 250 ms by bot id=8401290907
2026-02-15 20:55:18,577 | INFO | aiogram.event | Update id=886521193 is handled. Duration 235 ms by bot id=8401290907
2026-02-15 20:55:19,737 | INFO | aiogram.event | Update id=886521194 is handled. Duration 265 ms by bot id=8401290907
2026-02-15 20:55:24,418 | INFO | aiogram.event | Update id=886521195 is handled. Duration 3983 ms by bot id=8401290907
2026-02-15 20:55:25,431 | INFO | aiogram.event | Update id=886521196 is not handled. Duration 141 ms by bot id=8401290907
2026-02-15 20:55:25,432 | ERROR | aiogram.event | Cause exception while process update id=886521196 by bot id=8401290907
AttributeError: 'sqlite3.Row' object has no attribute 'get'
Traceback (most recent call last):
  File "C:\Users\user\AppData\Local\Programs\Python\Python311\Lib\site-packages\aiogram\dispatcher\dispatcher.py", line 309, in _process_update
    response = await self.feed_update(bot, update, **kwargs)
               ^^^^^^^^^^^^^^^^^^^^^^^^^^^^^^^^^^^^^^^^^^^^^
  File "C:\Users\user\AppData\Local\Programs\Python\Python311\Lib\site-packages\aiogram\dispatcher\dispatcher.py", line 158, in feed_update
    response = await self.update.wrap_outer_middleware(
               ^^^^^^^^^^^^^^^^^^^^^^^^^^^^^^^^^^^^^^^^
  File "C:\Users\user\AppData\Local\Programs\Python\Python311\Lib\site-packages\aiogram\dispatcher\middlewares\error.py", line 25, in __call__
    return await handler(event, data)
           ^^^^^^^^^^^^^^^^^^^^^^^^^^
  File "C:\Users\user\AppData\Local\Programs\Python\Python311\Lib\site-packages\aiogram\dispatcher\middlewares\user_context.py", line 49, in __call__
    return await handler(event, data)
           ^^^^^^^^^^^^^^^^^^^^^^^^^^
  File "C:\Users\user\AppData\Local\Programs\Python\Python311\Lib\contextlib.py", line 222, in __aexit__
    await self.gen.athrow(typ, value, traceback)
  File "C:\Users\user\AppData\Local\Programs\Python\Python311\Lib\site-packages\aiogram\fsm\storage\memory.py", line 56, in lock
    yield
  File "C:\Users\user\AppData\Local\Programs\Python\Python311\Lib\site-packages\aiogram\fsm\middleware.py", line 42, in __call__
    return await handler(event, data)
           ^^^^^^^^^^^^^^^^^^^^^^^^^^
  File "C:\Users\user\AppData\Local\Programs\Python\Python311\Lib\site-packages\aiogram\dispatcher\event\telegram.py", line 121, in trigger
    return await wrapped_inner(event, kwargs)
           ^^^^^^^^^^^^^^^^^^^^^^^^^^^^^^^^^^
  File "C:\Users\user\AppData\Local\Programs\Python\Python311\Lib\site-packages\aiogram\dispatcher\event\handler.py", line 43, in call
    return await wrapped()
           ^^^^^^^^^^^^^^^
  File "C:\Users\user\AppData\Local\Programs\Python\Python311\Lib\site-packages\aiogram\dispatcher\dispatcher.py", line 276, in _listen_update
    return await self.propagate_event(update_type=update_type, event=event, **kwargs)
           ^^^^^^^^^^^^^^^^^^^^^^^^^^^^^^^^^^^^^^^^^^^^^^^^^^^^^^^^^^^^^^^^^^^^^^^^^^
  File "C:\Users\user\AppData\Local\Programs\Python\Python311\Lib\site-packages\aiogram\dispatcher\router.py", line 142, in propagate_event
    return await observer.wrap_outer_middleware(_wrapped, event=event, data=kwargs)
           ^^^^^^^^^^^^^^^^^^^^^^^^^^^^^^^^^^^^^^^^^^^^^^^^^^^^^^^^^^^^^^^^^^^^^^^^
  File "C:\Users\user\AppData\Local\Programs\Python\Python311\Lib\site-packages\aiogram\dispatcher\router.py", line 137, in _wrapped
    return await self._propagate_event(
           ^^^^^^^^^^^^^^^^^^^^^^^^^^^^
  File "C:\Users\user\AppData\Local\Programs\Python\Python311\Lib\site-packages\aiogram\dispatcher\router.py", line 170, in _propagate_event
    response = await router.propagate_event(update_type=update_type, event=event, **kwargs)
               ^^^^^^^^^^^^^^^^^^^^^^^^^^^^^^^^^^^^^^^^^^^^^^^^^^^^^^^^^^^^^^^^^^^^^^^^^^^^
  File "C:\Users\user\AppData\Local\Programs\Python\Python311\Lib\site-packages\aiogram\dispatcher\router.py", line 142, in propagate_event
    return await observer.wrap_outer_middleware(_wrapped, event=event, data=kwargs)
           ^^^^^^^^^^^^^^^^^^^^^^^^^^^^^^^^^^^^^^^^^^^^^^^^^^^^^^^^^^^^^^^^^^^^^^^^
  File "C:\Users\user\AppData\Local\Programs\Python\Python311\Lib\site-packages\aiogram\dispatcher\router.py", line 137, in _wrapped
    return await self._propagate_event(
           ^^^^^^^^^^^^^^^^^^^^^^^^^^^^
  File "C:\Users\user\AppData\Local\Programs\Python\Python311\Lib\site-packages\aiogram\dispatcher\router.py", line 162, in _propagate_event
    response = await observer.trigger(event, **kwargs)
               ^^^^^^^^^^^^^^^^^^^^^^^^^^^^^^^^^^^^^^^
  File "C:\Users\user\AppData\Local\Programs\Python\Python311\Lib\site-packages\aiogram\dispatcher\event\telegram.py", line 121, in trigger
    return await wrapped_inner(event, kwargs)
           ^^^^^^^^^^^^^^^^^^^^^^^^^^^^^^^^^^
  File "C:\Users\user\AppData\Local\Programs\Python\Python311\Lib\site-packages\aiogram\dispatcher\event\handler.py", line 43, in call
    return await wrapped()
           ^^^^^^^^^^^^^^^
  File "D:\UJ_UNIVER_bot\handlers\user.py", line 740, in user_answer
    if not sess or int(sess.get("is_finished", 0)) == 1:
                       ^^^^^^^^
AttributeError: 'sqlite3.Row' object has no attribute 'get'
2026-02-15 20:55:29,939 | INFO | aiogram.event | Update id=886521197 is not handled. Duration 203 ms by bot id=8401290907
2026-02-15 20:55:29,939 | ERROR | aiogram.event | Cause exception while process update id=886521197 by bot id=8401290907
AttributeError: 'sqlite3.Row' object has no attribute 'get'
Traceback (most recent call last):
  File "C:\Users\user\AppData\Local\Programs\Python\Python311\Lib\site-packages\aiogram\dispatcher\dispatcher.py", line 309, in _process_update
    response = await self.feed_update(bot, update, **kwargs)
               ^^^^^^^^^^^^^^^^^^^^^^^^^^^^^^^^^^^^^^^^^^^^^
  File "C:\Users\user\AppData\Local\Programs\Python\Python311\Lib\site-packages\aiogram\dispatcher\dispatcher.py", line 158, in feed_update
    response = await self.update.wrap_outer_middleware(
               ^^^^^^^^^^^^^^^^^^^^^^^^^^^^^^^^^^^^^^^^
  File "C:\Users\user\AppData\Local\Programs\Python\Python311\Lib\site-packages\aiogram\dispatcher\middlewares\error.py", line 25, in __call__
    return await handler(event, data)
           ^^^^^^^^^^^^^^^^^^^^^^^^^^
  File "C:\Users\user\AppData\Local\Programs\Python\Python311\Lib\site-packages\aiogram\dispatcher\middlewares\user_context.py", line 49, in __call__
    return await handler(event, data)
           ^^^^^^^^^^^^^^^^^^^^^^^^^^
  File "C:\Users\user\AppData\Local\Programs\Python\Python311\Lib\contextlib.py", line 222, in __aexit__
    await self.gen.athrow(typ, value, traceback)
  File "C:\Users\user\AppData\Local\Programs\Python\Python311\Lib\site-packages\aiogram\fsm\storage\memory.py", line 56, in lock
    yield
  File "C:\Users\user\AppData\Local\Programs\Python\Python311\Lib\site-packages\aiogram\fsm\middleware.py", line 42, in __call__
    return await handler(event, data)
           ^^^^^^^^^^^^^^^^^^^^^^^^^^
  File "C:\Users\user\AppData\Local\Programs\Python\Python311\Lib\site-packages\aiogram\dispatcher\event\telegram.py", line 121, in trigger
    return await wrapped_inner(event, kwargs)
           ^^^^^^^^^^^^^^^^^^^^^^^^^^^^^^^^^^
  File "C:\Users\user\AppData\Local\Programs\Python\Python311\Lib\site-packages\aiogram\dispatcher\event\handler.py", line 43, in call
    return await wrapped()
           ^^^^^^^^^^^^^^^
  File "C:\Users\user\AppData\Local\Programs\Python\Python311\Lib\site-packages\aiogram\dispatcher\dispatcher.py", line 276, in _listen_update
    return await self.propagate_event(update_type=update_type, event=event, **kwargs)
           ^^^^^^^^^^^^^^^^^^^^^^^^^^^^^^^^^^^^^^^^^^^^^^^^^^^^^^^^^^^^^^^^^^^^^^^^^^
  File "C:\Users\user\AppData\Local\Programs\Python\Python311\Lib\site-packages\aiogram\dispatcher\router.py", line 142, in propagate_event
    return await observer.wrap_outer_middleware(_wrapped, event=event, data=kwargs)
           ^^^^^^^^^^^^^^^^^^^^^^^^^^^^^^^^^^^^^^^^^^^^^^^^^^^^^^^^^^^^^^^^^^^^^^^^
  File "C:\Users\user\AppData\Local\Programs\Python\Python311\Lib\site-packages\aiogram\dispatcher\router.py", line 137, in _wrapped
    return await self._propagate_event(
           ^^^^^^^^^^^^^^^^^^^^^^^^^^^^
  File "C:\Users\user\AppData\Local\Programs\Python\Python311\Lib\site-packages\aiogram\dispatcher\router.py", line 170, in _propagate_event
    response = await router.propagate_event(update_type=update_type, event=event, **kwargs)
               ^^^^^^^^^^^^^^^^^^^^^^^^^^^^^^^^^^^^^^^^^^^^^^^^^^^^^^^^^^^^^^^^^^^^^^^^^^^^
  File "C:\Users\user\AppData\Local\Programs\Python\Python311\Lib\site-packages\aiogram\dispatcher\router.py", line 142, in propagate_event
    return await observer.wrap_outer_middleware(_wrapped, event=event, data=kwargs)
           ^^^^^^^^^^^^^^^^^^^^^^^^^^^^^^^^^^^^^^^^^^^^^^^^^^^^^^^^^^^^^^^^^^^^^^^^
  File "C:\Users\user\AppData\Local\Programs\Python\Python311\Lib\site-packages\aiogram\dispatcher\router.py", line 137, in _wrapped
    return await self._propagate_event(
           ^^^^^^^^^^^^^^^^^^^^^^^^^^^^
  File "C:\Users\user\AppData\Local\Programs\Python\Python311\Lib\site-packages\aiogram\dispatcher\router.py", line 162, in _propagate_event
    response = await observer.trigger(event, **kwargs)
               ^^^^^^^^^^^^^^^^^^^^^^^^^^^^^^^^^^^^^^^
  File "C:\Users\user\AppData\Local\Programs\Python\Python311\Lib\site-packages\aiogram\dispatcher\event\telegram.py", line 121, in trigger
    return await wrapped_inner(event, kwargs)
           ^^^^^^^^^^^^^^^^^^^^^^^^^^^^^^^^^^
  File "C:\Users\user\AppData\Local\Programs\Python\Python311\Lib\site-packages\aiogram\dispatcher\event\handler.py", line 43, in call
    return await wrapped()
           ^^^^^^^^^^^^^^^
  File "D:\UJ_UNIVER_bot\handlers\user.py", line 740, in user_answer
    if not sess or int(sess.get("is_finished", 0)) == 1:
                       ^^^^^^^^
AttributeError: 'sqlite3.Row' object has no attribute 'get'
2026-02-15 20:55:31,732 | INFO | aiogram.event | Update id=886521198 is not handled. Duration 188 ms by bot id=8401290907
2026-02-15 20:55:31,732 | ERROR | aiogram.event | Cause exception while process update id=886521198 by bot id=8401290907
AttributeError: 'sqlite3.Row' object has no attribute 'get'
Traceback (most recent call last):
  File "C:\Users\user\AppData\Local\Programs\Python\Python311\Lib\site-packages\aiogram\dispatcher\dispatcher.py", line 309, in _process_update
    response = await self.feed_update(bot, update, **kwargs)
               ^^^^^^^^^^^^^^^^^^^^^^^^^^^^^^^^^^^^^^^^^^^^^
  File "C:\Users\user\AppData\Local\Programs\Python\Python311\Lib\site-packages\aiogram\dispatcher\dispatcher.py", line 158, in feed_update
    response = await self.update.wrap_outer_middleware(
               ^^^^^^^^^^^^^^^^^^^^^^^^^^^^^^^^^^^^^^^^
  File "C:\Users\user\AppData\Local\Programs\Python\Python311\Lib\site-packages\aiogram\dispatcher\middlewares\error.py", line 25, in __call__
    return await handler(event, data)
           ^^^^^^^^^^^^^^^^^^^^^^^^^^
  File "C:\Users\user\AppData\Local\Programs\Python\Python311\Lib\site-packages\aiogram\dispatcher\middlewares\user_context.py", line 49, in __call__
    return await handler(event, data)
           ^^^^^^^^^^^^^^^^^^^^^^^^^^
  File "C:\Users\user\AppData\Local\Programs\Python\Python311\Lib\contextlib.py", line 222, in __aexit__
    await self.gen.athrow(typ, value, traceback)
  File "C:\Users\user\AppData\Local\Programs\Python\Python311\Lib\site-packages\aiogram\fsm\storage\memory.py", line 56, in lock
    yield
  File "C:\Users\user\AppData\Local\Programs\Python\Python311\Lib\site-packages\aiogram\fsm\middleware.py", line 42, in __call__
    return await handler(event, data)
           ^^^^^^^^^^^^^^^^^^^^^^^^^^
  File "C:\Users\user\AppData\Local\Programs\Python\Python311\Lib\site-packages\aiogram\dispatcher\event\telegram.py", line 121, in trigger
    return await wrapped_inner(event, kwargs)
           ^^^^^^^^^^^^^^^^^^^^^^^^^^^^^^^^^^
  File "C:\Users\user\AppData\Local\Programs\Python\Python311\Lib\site-packages\aiogram\dispatcher\event\handler.py", line 43, in call
    return await wrapped()
           ^^^^^^^^^^^^^^^
  File "C:\Users\user\AppData\Local\Programs\Python\Python311\Lib\site-packages\aiogram\dispatcher\dispatcher.py", line 276, in _listen_update
    return await self.propagate_event(update_type=update_type, event=event, **kwargs)
           ^^^^^^^^^^^^^^^^^^^^^^^^^^^^^^^^^^^^^^^^^^^^^^^^^^^^^^^^^^^^^^^^^^^^^^^^^^
  File "C:\Users\user\AppData\Local\Programs\Python\Python311\Lib\site-packages\aiogram\dispatcher\router.py", line 142, in propagate_event
    return await observer.wrap_outer_middleware(_wrapped, event=event, data=kwargs)
           ^^^^^^^^^^^^^^^^^^^^^^^^^^^^^^^^^^^^^^^^^^^^^^^^^^^^^^^^^^^^^^^^^^^^^^^^
  File "C:\Users\user\AppData\Local\Programs\Python\Python311\Lib\site-packages\aiogram\dispatcher\router.py", line 137, in _wrapped
    return await self._propagate_event(
           ^^^^^^^^^^^^^^^^^^^^^^^^^^^^
  File "C:\Users\user\AppData\Local\Programs\Python\Python311\Lib\site-packages\aiogram\dispatcher\router.py", line 170, in _propagate_event
    response = await router.propagate_event(update_type=update_type, event=event, **kwargs)
               ^^^^^^^^^^^^^^^^^^^^^^^^^^^^^^^^^^^^^^^^^^^^^^^^^^^^^^^^^^^^^^^^^^^^^^^^^^^^
  File "C:\Users\user\AppData\Local\Programs\Python\Python311\Lib\site-packages\aiogram\dispatcher\router.py", line 142, in propagate_event
    return await observer.wrap_outer_middleware(_wrapped, event=event, data=kwargs)
           ^^^^^^^^^^^^^^^^^^^^^^^^^^^^^^^^^^^^^^^^^^^^^^^^^^^^^^^^^^^^^^^^^^^^^^^^
  File "C:\Users\user\AppData\Local\Programs\Python\Python311\Lib\site-packages\aiogram\dispatcher\router.py", line 137, in _wrapped
    return await self._propagate_event(
           ^^^^^^^^^^^^^^^^^^^^^^^^^^^^
  File "C:\Users\user\AppData\Local\Programs\Python\Python311\Lib\site-packages\aiogram\dispatcher\router.py", line 162, in _propagate_event
    response = await observer.trigger(event, **kwargs)
               ^^^^^^^^^^^^^^^^^^^^^^^^^^^^^^^^^^^^^^^
  File "C:\Users\user\AppData\Local\Programs\Python\Python311\Lib\site-packages\aiogram\dispatcher\event\telegram.py", line 121, in trigger
    return await wrapped_inner(event, kwargs)
           ^^^^^^^^^^^^^^^^^^^^^^^^^^^^^^^^^^
  File "C:\Users\user\AppData\Local\Programs\Python\Python311\Lib\site-packages\aiogram\dispatcher\event\handler.py", line 43, in call
    return await wrapped()
           ^^^^^^^^^^^^^^^
  File "D:\UJ_UNIVER_bot\handlers\user.py", line 740, in user_answer
    if not sess or int(sess.get("is_finished", 0)) == 1:
                       ^^^^^^^^
AttributeError: 'sqlite3.Row' object has no attribute 'get'
2026-02-15 20:55:32,655 | INFO | aiogram.event | Update id=886521199 is not handled. Duration 125 ms by bot id=8401290907
2026-02-15 20:55:32,656 | ERROR | aiogram.event | Cause exception while process update id=886521199 by bot id=8401290907
AttributeError: 'sqlite3.Row' object has no attribute 'get'
Traceback (most recent call last):
  File "C:\Users\user\AppData\Local\Programs\Python\Python311\Lib\site-packages\aiogram\dispatcher\dispatcher.py", line 309, in _process_update
    response = await self.feed_update(bot, update, **kwargs)
               ^^^^^^^^^^^^^^^^^^^^^^^^^^^^^^^^^^^^^^^^^^^^^
  File "C:\Users\user\AppData\Local\Programs\Python\Python311\Lib\site-packages\aiogram\dispatcher\dispatcher.py", line 158, in feed_update
    response = await self.update.wrap_outer_middleware(
               ^^^^^^^^^^^^^^^^^^^^^^^^^^^^^^^^^^^^^^^^
  File "C:\Users\user\AppData\Local\Programs\Python\Python311\Lib\site-packages\aiogram\dispatcher\middlewares\error.py", line 25, in __call__
    return await handler(event, data)
           ^^^^^^^^^^^^^^^^^^^^^^^^^^
  File "C:\Users\user\AppData\Local\Programs\Python\Python311\Lib\site-packages\aiogram\dispatcher\middlewares\user_context.py", line 49, in __call__
    return await handler(event, data)
           ^^^^^^^^^^^^^^^^^^^^^^^^^^
  File "C:\Users\user\AppData\Local\Programs\Python\Python311\Lib\contextlib.py", line 222, in __aexit__
    await self.gen.athrow(typ, value, traceback)
  File "C:\Users\user\AppData\Local\Programs\Python\Python311\Lib\site-packages\aiogram\fsm\storage\memory.py", line 56, in lock
    yield
  File "C:\Users\user\AppData\Local\Programs\Python\Python311\Lib\site-packages\aiogram\fsm\middleware.py", line 42, in __call__
    return await handler(event, data)
           ^^^^^^^^^^^^^^^^^^^^^^^^^^
  File "C:\Users\user\AppData\Local\Programs\Python\Python311\Lib\site-packages\aiogram\dispatcher\event\telegram.py", line 121, in trigger
    return await wrapped_inner(event, kwargs)
           ^^^^^^^^^^^^^^^^^^^^^^^^^^^^^^^^^^
  File "C:\Users\user\AppData\Local\Programs\Python\Python311\Lib\site-packages\aiogram\dispatcher\event\handler.py", line 43, in call
    return await wrapped()
           ^^^^^^^^^^^^^^^
  File "C:\Users\user\AppData\Local\Programs\Python\Python311\Lib\site-packages\aiogram\dispatcher\dispatcher.py", line 276, in _listen_update
    return await self.propagate_event(update_type=update_type, event=event, **kwargs)
           ^^^^^^^^^^^^^^^^^^^^^^^^^^^^^^^^^^^^^^^^^^^^^^^^^^^^^^^^^^^^^^^^^^^^^^^^^^
  File "C:\Users\user\AppData\Local\Programs\Python\Python311\Lib\site-packages\aiogram\dispatcher\router.py", line 142, in propagate_event
    return await observer.wrap_outer_middleware(_wrapped, event=event, data=kwargs)
           ^^^^^^^^^^^^^^^^^^^^^^^^^^^^^^^^^^^^^^^^^^^^^^^^^^^^^^^^^^^^^^^^^^^^^^^^
  File "C:\Users\user\AppData\Local\Programs\Python\Python311\Lib\site-packages\aiogram\dispatcher\router.py", line 137, in _wrapped
    return await self._propagate_event(
           ^^^^^^^^^^^^^^^^^^^^^^^^^^^^
  File "C:\Users\user\AppData\Local\Programs\Python\Python311\Lib\site-packages\aiogram\dispatcher\router.py", line 170, in _propagate_event
    response = await router.propagate_event(update_type=update_type, event=event, **kwargs)
               ^^^^^^^^^^^^^^^^^^^^^^^^^^^^^^^^^^^^^^^^^^^^^^^^^^^^^^^^^^^^^^^^^^^^^^^^^^^^
  File "C:\Users\user\AppData\Local\Programs\Python\Python311\Lib\site-packages\aiogram\dispatcher\router.py", line 142, in propagate_event
    return await observer.wrap_outer_middleware(_wrapped, event=event, data=kwargs)
           ^^^^^^^^^^^^^^^^^^^^^^^^^^^^^^^^^^^^^^^^^^^^^^^^^^^^^^^^^^^^^^^^^^^^^^^^
  File "C:\Users\user\AppData\Local\Programs\Python\Python311\Lib\site-packages\aiogram\dispatcher\router.py", line 137, in _wrapped
    return await self._propagate_event(
           ^^^^^^^^^^^^^^^^^^^^^^^^^^^^
  File "C:\Users\user\AppData\Local\Programs\Python\Python311\Lib\site-packages\aiogram\dispatcher\router.py", line 162, in _propagate_event
    response = await observer.trigger(event, **kwargs)
               ^^^^^^^^^^^^^^^^^^^^^^^^^^^^^^^^^^^^^^^
  File "C:\Users\user\AppData\Local\Programs\Python\Python311\Lib\site-packages\aiogram\dispatcher\event\telegram.py", line 121, in trigger
    return await wrapped_inner(event, kwargs)
           ^^^^^^^^^^^^^^^^^^^^^^^^^^^^^^^^^^
  File "C:\Users\user\AppData\Local\Programs\Python\Python311\Lib\site-packages\aiogram\dispatcher\event\handler.py", line 43, in call
    return await wrapped()
           ^^^^^^^^^^^^^^^
  File "D:\UJ_UNIVER_bot\handlers\user.py", line 772, in user_finish
    if not sess or int(sess.get("is_finished", 0)) == 1:
                       ^^^^^^^^
AttributeError: 'sqlite3.Row' object has no attribute 'get'
2026-02-15 20:57:29,292 | INFO | aiogram.dispatcher | Start polling
2026-02-15 20:57:29,629 | INFO | aiogram.dispatcher | Run polling for bot @UJ_UNIVER_bot id=8401290907 - 'UJ_UNIVER'
2026-02-15 20:57:35,382 | INFO | aiogram.event | Update id=886521200 is handled. Duration 639 ms by bot id=8401290907
2026-02-15 20:57:36,377 | INFO | aiogram.event | Update id=886521201 is not handled. Duration 30 ms by bot id=8401290907
2026-02-15 20:57:42,304 | INFO | aiogram.event | Update id=886521202 is handled. Duration 500 ms by bot id=8401290907
2026-02-15 20:57:44,219 | INFO | aiogram.event | Update id=886521203 is handled. Duration 547 ms by bot id=8401290907
2026-02-15 20:57:45,438 | INFO | aiogram.event | Update id=886521204 is handled. Duration 547 ms by bot id=8401290907
2026-02-15 20:57:46,764 | INFO | aiogram.event | Update id=886521205 is handled. Duration 655 ms by bot id=8401290907
2026-02-15 20:57:47,388 | INFO | aiogram.event | Update id=886521206 is handled. Duration 234 ms by bot id=8401290907
2026-02-15 20:57:49,729 | INFO | aiogram.event | Update id=886521207 is handled. Duration 484 ms by bot id=8401290907
2026-02-15 20:57:51,291 | INFO | aiogram.event | Update id=886521208 is handled. Duration 420 ms by bot id=8401290907
2026-02-15 20:57:52,426 | INFO | aiogram.event | Update id=886521209 is handled. Duration 406 ms by bot id=8401290907
2026-02-15 20:57:53,853 | INFO | aiogram.event | Update id=886521210 is handled. Duration 640 ms by bot id=8401290907
2026-02-15 20:57:55,151 | INFO | aiogram.event | Update id=886521211 is handled. Duration 343 ms by bot id=8401290907
2026-02-15 20:57:56,604 | INFO | aiogram.event | Update id=886521212 is handled. Duration 453 ms by bot id=8401290907
2026-02-15 20:57:58,105 | INFO | aiogram.event | Update id=886521213 is not handled. Duration 15 ms by bot id=8401290907
2026-02-15 21:02:11,211 | INFO | aiogram.dispatcher | Start polling
2026-02-15 21:02:11,313 | INFO | aiogram.dispatcher | Run polling for bot @UJ_UNIVER_bot id=8401290907 - 'UJ_UNIVER'
2026-02-15 21:02:15,166 | INFO | aiogram.event | Update id=886521214 is handled. Duration 375 ms by bot id=8401290907
2026-02-15 21:02:16,277 | INFO | aiogram.event | Update id=886521215 is handled. Duration 343 ms by bot id=8401290907
2026-02-15 21:02:17,537 | INFO | aiogram.event | Update id=886521216 is handled. Duration 375 ms by bot id=8401290907
2026-02-15 21:02:18,412 | INFO | aiogram.event | Update id=886521217 is handled. Duration 264 ms by bot id=8401290907
2026-02-15 21:02:19,262 | INFO | aiogram.event | Update id=886521218 is handled. Duration 250 ms by bot id=8401290907
2026-02-15 21:02:23,764 | INFO | aiogram.event | Update id=886521219 is handled. Duration 3859 ms by bot id=8401290907
2026-02-15 21:02:25,102 | INFO | aiogram.event | Update id=886521220 is handled. Duration 280 ms by bot id=8401290907
2026-02-15 21:02:26,227 | INFO | aiogram.event | Update id=886521221 is handled. Duration 280 ms by bot id=8401290907
2026-02-15 21:02:26,829 | INFO | aiogram.event | Update id=886521222 is not handled. Duration 15 ms by bot id=8401290907
2026-02-15 21:02:29,373 | INFO | aiogram.event | Update id=886521223 is not handled. Duration 15 ms by bot id=8401290907
2026-02-15 21:02:29,374 | ERROR | aiogram.event | Cause exception while process update id=886521223 by bot id=8401290907
AttributeError: 'sqlite3.Row' object has no attribute 'get'
Traceback (most recent call last):
  File "C:\Users\user\AppData\Local\Programs\Python\Python311\Lib\site-packages\aiogram\dispatcher\dispatcher.py", line 309, in _process_update
    response = await self.feed_update(bot, update, **kwargs)
               ^^^^^^^^^^^^^^^^^^^^^^^^^^^^^^^^^^^^^^^^^^^^^
  File "C:\Users\user\AppData\Local\Programs\Python\Python311\Lib\site-packages\aiogram\dispatcher\dispatcher.py", line 158, in feed_update
    response = await self.update.wrap_outer_middleware(
               ^^^^^^^^^^^^^^^^^^^^^^^^^^^^^^^^^^^^^^^^
  File "C:\Users\user\AppData\Local\Programs\Python\Python311\Lib\site-packages\aiogram\dispatcher\middlewares\error.py", line 25, in __call__
    return await handler(event, data)
           ^^^^^^^^^^^^^^^^^^^^^^^^^^
  File "C:\Users\user\AppData\Local\Programs\Python\Python311\Lib\site-packages\aiogram\dispatcher\middlewares\user_context.py", line 49, in __call__
    return await handler(event, data)
           ^^^^^^^^^^^^^^^^^^^^^^^^^^
  File "C:\Users\user\AppData\Local\Programs\Python\Python311\Lib\contextlib.py", line 222, in __aexit__
    await self.gen.athrow(typ, value, traceback)
  File "C:\Users\user\AppData\Local\Programs\Python\Python311\Lib\site-packages\aiogram\fsm\storage\memory.py", line 56, in lock
    yield
  File "C:\Users\user\AppData\Local\Programs\Python\Python311\Lib\site-packages\aiogram\fsm\middleware.py", line 42, in __call__
    return await handler(event, data)
           ^^^^^^^^^^^^^^^^^^^^^^^^^^
  File "C:\Users\user\AppData\Local\Programs\Python\Python311\Lib\site-packages\aiogram\dispatcher\event\telegram.py", line 121, in trigger
    return await wrapped_inner(event, kwargs)
           ^^^^^^^^^^^^^^^^^^^^^^^^^^^^^^^^^^
  File "C:\Users\user\AppData\Local\Programs\Python\Python311\Lib\site-packages\aiogram\dispatcher\event\handler.py", line 43, in call
    return await wrapped()
           ^^^^^^^^^^^^^^^
  File "C:\Users\user\AppData\Local\Programs\Python\Python311\Lib\site-packages\aiogram\dispatcher\dispatcher.py", line 276, in _listen_update
    return await self.propagate_event(update_type=update_type, event=event, **kwargs)
           ^^^^^^^^^^^^^^^^^^^^^^^^^^^^^^^^^^^^^^^^^^^^^^^^^^^^^^^^^^^^^^^^^^^^^^^^^^
  File "C:\Users\user\AppData\Local\Programs\Python\Python311\Lib\site-packages\aiogram\dispatcher\router.py", line 142, in propagate_event
    return await observer.wrap_outer_middleware(_wrapped, event=event, data=kwargs)
           ^^^^^^^^^^^^^^^^^^^^^^^^^^^^^^^^^^^^^^^^^^^^^^^^^^^^^^^^^^^^^^^^^^^^^^^^
  File "C:\Users\user\AppData\Local\Programs\Python\Python311\Lib\site-packages\aiogram\dispatcher\router.py", line 137, in _wrapped
    return await self._propagate_event(
           ^^^^^^^^^^^^^^^^^^^^^^^^^^^^
  File "C:\Users\user\AppData\Local\Programs\Python\Python311\Lib\site-packages\aiogram\dispatcher\router.py", line 170, in _propagate_event
    response = await router.propagate_event(update_type=update_type, event=event, **kwargs)
               ^^^^^^^^^^^^^^^^^^^^^^^^^^^^^^^^^^^^^^^^^^^^^^^^^^^^^^^^^^^^^^^^^^^^^^^^^^^^
  File "C:\Users\user\AppData\Local\Programs\Python\Python311\Lib\site-packages\aiogram\dispatcher\router.py", line 142, in propagate_event
    return await observer.wrap_outer_middleware(_wrapped, event=event, data=kwargs)
           ^^^^^^^^^^^^^^^^^^^^^^^^^^^^^^^^^^^^^^^^^^^^^^^^^^^^^^^^^^^^^^^^^^^^^^^^
  File "C:\Users\user\AppData\Local\Programs\Python\Python311\Lib\site-packages\aiogram\dispatcher\router.py", line 137, in _wrapped
    return await self._propagate_event(
           ^^^^^^^^^^^^^^^^^^^^^^^^^^^^
  File "C:\Users\user\AppData\Local\Programs\Python\Python311\Lib\site-packages\aiogram\dispatcher\router.py", line 162, in _propagate_event
    response = await observer.trigger(event, **kwargs)
               ^^^^^^^^^^^^^^^^^^^^^^^^^^^^^^^^^^^^^^^
  File "C:\Users\user\AppData\Local\Programs\Python\Python311\Lib\site-packages\aiogram\dispatcher\event\telegram.py", line 121, in trigger
    return await wrapped_inner(event, kwargs)
           ^^^^^^^^^^^^^^^^^^^^^^^^^^^^^^^^^^
  File "C:\Users\user\AppData\Local\Programs\Python\Python311\Lib\site-packages\aiogram\dispatcher\event\handler.py", line 43, in call
    return await wrapped()
           ^^^^^^^^^^^^^^^
  File "D:\UJ_UNIVER_bot\handlers\user.py", line 965, in user_finish
    await _finish_and_show_result(bot, config, session_id, cb.from_user.id, reason="User tugatdi")
  File "D:\UJ_UNIVER_bot\handlers\user.py", line 419, in _finish_and_show_result
    correct = int(sess.get("correct_count", 0))
                  ^^^^^^^^
AttributeError: 'sqlite3.Row' object has no attribute 'get'
2026-02-15 21:02:34,179 | INFO | aiogram.event | Update id=886521224 is not handled. Duration 16 ms by bot id=8401290907
2026-02-15 21:02:34,180 | ERROR | aiogram.event | Cause exception while process update id=886521224 by bot id=8401290907
AttributeError: 'sqlite3.Row' object has no attribute 'get'
Traceback (most recent call last):
  File "C:\Users\user\AppData\Local\Programs\Python\Python311\Lib\site-packages\aiogram\dispatcher\dispatcher.py", line 309, in _process_update
    response = await self.feed_update(bot, update, **kwargs)
               ^^^^^^^^^^^^^^^^^^^^^^^^^^^^^^^^^^^^^^^^^^^^^
  File "C:\Users\user\AppData\Local\Programs\Python\Python311\Lib\site-packages\aiogram\dispatcher\dispatcher.py", line 158, in feed_update
    response = await self.update.wrap_outer_middleware(
               ^^^^^^^^^^^^^^^^^^^^^^^^^^^^^^^^^^^^^^^^
  File "C:\Users\user\AppData\Local\Programs\Python\Python311\Lib\site-packages\aiogram\dispatcher\middlewares\error.py", line 25, in __call__
    return await handler(event, data)
           ^^^^^^^^^^^^^^^^^^^^^^^^^^
  File "C:\Users\user\AppData\Local\Programs\Python\Python311\Lib\site-packages\aiogram\dispatcher\middlewares\user_context.py", line 49, in __call__
    return await handler(event, data)
           ^^^^^^^^^^^^^^^^^^^^^^^^^^
  File "C:\Users\user\AppData\Local\Programs\Python\Python311\Lib\contextlib.py", line 222, in __aexit__
    await self.gen.athrow(typ, value, traceback)
  File "C:\Users\user\AppData\Local\Programs\Python\Python311\Lib\site-packages\aiogram\fsm\storage\memory.py", line 56, in lock
    yield
  File "C:\Users\user\AppData\Local\Programs\Python\Python311\Lib\site-packages\aiogram\fsm\middleware.py", line 42, in __call__
    return await handler(event, data)
           ^^^^^^^^^^^^^^^^^^^^^^^^^^
  File "C:\Users\user\AppData\Local\Programs\Python\Python311\Lib\site-packages\aiogram\dispatcher\event\telegram.py", line 121, in trigger
    return await wrapped_inner(event, kwargs)
           ^^^^^^^^^^^^^^^^^^^^^^^^^^^^^^^^^^
  File "C:\Users\user\AppData\Local\Programs\Python\Python311\Lib\site-packages\aiogram\dispatcher\event\handler.py", line 43, in call
    return await wrapped()
           ^^^^^^^^^^^^^^^
  File "C:\Users\user\AppData\Local\Programs\Python\Python311\Lib\site-packages\aiogram\dispatcher\dispatcher.py", line 276, in _listen_update
    return await self.propagate_event(update_type=update_type, event=event, **kwargs)
           ^^^^^^^^^^^^^^^^^^^^^^^^^^^^^^^^^^^^^^^^^^^^^^^^^^^^^^^^^^^^^^^^^^^^^^^^^^
  File "C:\Users\user\AppData\Local\Programs\Python\Python311\Lib\site-packages\aiogram\dispatcher\router.py", line 142, in propagate_event
    return await observer.wrap_outer_middleware(_wrapped, event=event, data=kwargs)
           ^^^^^^^^^^^^^^^^^^^^^^^^^^^^^^^^^^^^^^^^^^^^^^^^^^^^^^^^^^^^^^^^^^^^^^^^
  File "C:\Users\user\AppData\Local\Programs\Python\Python311\Lib\site-packages\aiogram\dispatcher\router.py", line 137, in _wrapped
    return await self._propagate_event(
           ^^^^^^^^^^^^^^^^^^^^^^^^^^^^
  File "C:\Users\user\AppData\Local\Programs\Python\Python311\Lib\site-packages\aiogram\dispatcher\router.py", line 170, in _propagate_event
    response = await router.propagate_event(update_type=update_type, event=event, **kwargs)
               ^^^^^^^^^^^^^^^^^^^^^^^^^^^^^^^^^^^^^^^^^^^^^^^^^^^^^^^^^^^^^^^^^^^^^^^^^^^^
  File "C:\Users\user\AppData\Local\Programs\Python\Python311\Lib\site-packages\aiogram\dispatcher\router.py", line 142, in propagate_event
    return await observer.wrap_outer_middleware(_wrapped, event=event, data=kwargs)
           ^^^^^^^^^^^^^^^^^^^^^^^^^^^^^^^^^^^^^^^^^^^^^^^^^^^^^^^^^^^^^^^^^^^^^^^^
  File "C:\Users\user\AppData\Local\Programs\Python\Python311\Lib\site-packages\aiogram\dispatcher\router.py", line 137, in _wrapped
    return await self._propagate_event(
           ^^^^^^^^^^^^^^^^^^^^^^^^^^^^
  File "C:\Users\user\AppData\Local\Programs\Python\Python311\Lib\site-packages\aiogram\dispatcher\router.py", line 162, in _propagate_event
    response = await observer.trigger(event, **kwargs)
               ^^^^^^^^^^^^^^^^^^^^^^^^^^^^^^^^^^^^^^^
  File "C:\Users\user\AppData\Local\Programs\Python\Python311\Lib\site-packages\aiogram\dispatcher\event\telegram.py", line 121, in trigger
    return await wrapped_inner(event, kwargs)
           ^^^^^^^^^^^^^^^^^^^^^^^^^^^^^^^^^^
  File "C:\Users\user\AppData\Local\Programs\Python\Python311\Lib\site-packages\aiogram\dispatcher\event\handler.py", line 43, in call
    return await wrapped()
           ^^^^^^^^^^^^^^^
  File "D:\UJ_UNIVER_bot\handlers\user.py", line 965, in user_finish
    await _finish_and_show_result(bot, config, session_id, cb.from_user.id, reason="User tugatdi")
  File "D:\UJ_UNIVER_bot\handlers\user.py", line 419, in _finish_and_show_result
    correct = int(sess.get("correct_count", 0))
                  ^^^^^^^^
AttributeError: 'sqlite3.Row' object has no attribute 'get'
2026-02-15 21:02:39,009 | INFO | aiogram.event | Update id=886521225 is not handled. Duration 14 ms by bot id=8401290907
2026-02-15 21:02:39,010 | ERROR | aiogram.event | Cause exception while process update id=886521225 by bot id=8401290907
AttributeError: 'sqlite3.Row' object has no attribute 'get'
Traceback (most recent call last):
  File "C:\Users\user\AppData\Local\Programs\Python\Python311\Lib\site-packages\aiogram\dispatcher\dispatcher.py", line 309, in _process_update
    response = await self.feed_update(bot, update, **kwargs)
               ^^^^^^^^^^^^^^^^^^^^^^^^^^^^^^^^^^^^^^^^^^^^^
  File "C:\Users\user\AppData\Local\Programs\Python\Python311\Lib\site-packages\aiogram\dispatcher\dispatcher.py", line 158, in feed_update
    response = await self.update.wrap_outer_middleware(
               ^^^^^^^^^^^^^^^^^^^^^^^^^^^^^^^^^^^^^^^^
  File "C:\Users\user\AppData\Local\Programs\Python\Python311\Lib\site-packages\aiogram\dispatcher\middlewares\error.py", line 25, in __call__
    return await handler(event, data)
           ^^^^^^^^^^^^^^^^^^^^^^^^^^
  File "C:\Users\user\AppData\Local\Programs\Python\Python311\Lib\site-packages\aiogram\dispatcher\middlewares\user_context.py", line 49, in __call__
    return await handler(event, data)
           ^^^^^^^^^^^^^^^^^^^^^^^^^^
  File "C:\Users\user\AppData\Local\Programs\Python\Python311\Lib\contextlib.py", line 222, in __aexit__
    await self.gen.athrow(typ, value, traceback)
  File "C:\Users\user\AppData\Local\Programs\Python\Python311\Lib\site-packages\aiogram\fsm\storage\memory.py", line 56, in lock
    yield
  File "C:\Users\user\AppData\Local\Programs\Python\Python311\Lib\site-packages\aiogram\fsm\middleware.py", line 42, in __call__
    return await handler(event, data)
           ^^^^^^^^^^^^^^^^^^^^^^^^^^
  File "C:\Users\user\AppData\Local\Programs\Python\Python311\Lib\site-packages\aiogram\dispatcher\event\telegram.py", line 121, in trigger
    return await wrapped_inner(event, kwargs)
           ^^^^^^^^^^^^^^^^^^^^^^^^^^^^^^^^^^
  File "C:\Users\user\AppData\Local\Programs\Python\Python311\Lib\site-packages\aiogram\dispatcher\event\handler.py", line 43, in call
    return await wrapped()
           ^^^^^^^^^^^^^^^
  File "C:\Users\user\AppData\Local\Programs\Python\Python311\Lib\site-packages\aiogram\dispatcher\dispatcher.py", line 276, in _listen_update
    return await self.propagate_event(update_type=update_type, event=event, **kwargs)
           ^^^^^^^^^^^^^^^^^^^^^^^^^^^^^^^^^^^^^^^^^^^^^^^^^^^^^^^^^^^^^^^^^^^^^^^^^^
  File "C:\Users\user\AppData\Local\Programs\Python\Python311\Lib\site-packages\aiogram\dispatcher\router.py", line 142, in propagate_event
    return await observer.wrap_outer_middleware(_wrapped, event=event, data=kwargs)
           ^^^^^^^^^^^^^^^^^^^^^^^^^^^^^^^^^^^^^^^^^^^^^^^^^^^^^^^^^^^^^^^^^^^^^^^^
  File "C:\Users\user\AppData\Local\Programs\Python\Python311\Lib\site-packages\aiogram\dispatcher\router.py", line 137, in _wrapped
    return await self._propagate_event(
           ^^^^^^^^^^^^^^^^^^^^^^^^^^^^
  File "C:\Users\user\AppData\Local\Programs\Python\Python311\Lib\site-packages\aiogram\dispatcher\router.py", line 170, in _propagate_event
    response = await router.propagate_event(update_type=update_type, event=event, **kwargs)
               ^^^^^^^^^^^^^^^^^^^^^^^^^^^^^^^^^^^^^^^^^^^^^^^^^^^^^^^^^^^^^^^^^^^^^^^^^^^^
  File "C:\Users\user\AppData\Local\Programs\Python\Python311\Lib\site-packages\aiogram\dispatcher\router.py", line 142, in propagate_event
    return await observer.wrap_outer_middleware(_wrapped, event=event, data=kwargs)
           ^^^^^^^^^^^^^^^^^^^^^^^^^^^^^^^^^^^^^^^^^^^^^^^^^^^^^^^^^^^^^^^^^^^^^^^^
  File "C:\Users\user\AppData\Local\Programs\Python\Python311\Lib\site-packages\aiogram\dispatcher\router.py", line 137, in _wrapped
    return await self._propagate_event(
           ^^^^^^^^^^^^^^^^^^^^^^^^^^^^
  File "C:\Users\user\AppData\Local\Programs\Python\Python311\Lib\site-packages\aiogram\dispatcher\router.py", line 162, in _propagate_event
    response = await observer.trigger(event, **kwargs)
               ^^^^^^^^^^^^^^^^^^^^^^^^^^^^^^^^^^^^^^^
  File "C:\Users\user\AppData\Local\Programs\Python\Python311\Lib\site-packages\aiogram\dispatcher\event\telegram.py", line 121, in trigger
    return await wrapped_inner(event, kwargs)
           ^^^^^^^^^^^^^^^^^^^^^^^^^^^^^^^^^^
  File "C:\Users\user\AppData\Local\Programs\Python\Python311\Lib\site-packages\aiogram\dispatcher\event\handler.py", line 43, in call
    return await wrapped()
           ^^^^^^^^^^^^^^^
  File "D:\UJ_UNIVER_bot\handlers\user.py", line 965, in user_finish
    await _finish_and_show_result(bot, config, session_id, cb.from_user.id, reason="User tugatdi")
  File "D:\UJ_UNIVER_bot\handlers\user.py", line 419, in _finish_and_show_result
    correct = int(sess.get("correct_count", 0))
                  ^^^^^^^^
AttributeError: 'sqlite3.Row' object has no attribute 'get'
2026-02-15 21:10:42,731 | INFO | aiogram.dispatcher | Start polling
2026-02-15 21:10:42,831 | INFO | aiogram.dispatcher | Run polling for bot @UJ_UNIVER_bot id=8401290907 - 'UJ_UNIVER'
2026-02-15 21:10:48,877 | INFO | aiogram.event | Update id=886521226 is handled. Duration 344 ms by bot id=8401290907
2026-02-15 21:10:50,110 | INFO | aiogram.event | Update id=886521227 is handled. Duration 280 ms by bot id=8401290907
2026-02-15 21:10:51,470 | INFO | aiogram.event | Update id=886521228 is handled. Duration 405 ms by bot id=8401290907
2026-02-15 21:10:53,531 | INFO | aiogram.event | Update id=886521229 is handled. Duration 593 ms by bot id=8401290907
2026-02-15 21:10:54,778 | INFO | aiogram.event | Update id=886521230 is handled. Duration 235 ms by bot id=8401290907
2026-02-15 21:10:57,107 | INFO | aiogram.event | Update id=886521231 is handled. Duration 375 ms by bot id=8401290907
2026-02-15 21:10:58,341 | INFO | aiogram.event | Update id=886521232 is handled. Duration 359 ms by bot id=8401290907
2026-02-15 21:10:59,173 | INFO | aiogram.event | Update id=886521233 is handled. Duration 264 ms by bot id=8401290907
2026-02-15 21:11:00,117 | INFO | aiogram.event | Update id=886521234 is handled. Duration 265 ms by bot id=8401290907
2026-02-15 21:11:04,708 | INFO | aiogram.event | Update id=886521235 is handled. Duration 3984 ms by bot id=8401290907
2026-02-15 21:11:05,933 | INFO | aiogram.event | Update id=886521236 is not handled. Duration 16 ms by bot id=8401290907
2026-02-15 21:11:08,377 | INFO | aiogram.event | Update id=886521237 is handled. Duration 671 ms by bot id=8401290907
2026-02-15 21:11:09,269 | INFO | aiogram.event | Update id=886521238 is handled. Duration 312 ms by bot id=8401290907
2026-02-15 21:11:09,859 | INFO | aiogram.event | Update id=886521239 is not handled. Duration 15 ms by bot id=8401290907
2026-02-15 21:11:09,860 | ERROR | aiogram.event | Cause exception while process update id=886521239 by bot id=8401290907
UnboundLocalError: cannot access local variable 'correct' where it is not associated with a value
Traceback (most recent call last):
  File "C:\Users\user\AppData\Local\Programs\Python\Python311\Lib\site-packages\aiogram\dispatcher\dispatcher.py", line 309, in _process_update
    response = await self.feed_update(bot, update, **kwargs)
               ^^^^^^^^^^^^^^^^^^^^^^^^^^^^^^^^^^^^^^^^^^^^^
  File "C:\Users\user\AppData\Local\Programs\Python\Python311\Lib\site-packages\aiogram\dispatcher\dispatcher.py", line 158, in feed_update
    response = await self.update.wrap_outer_middleware(
               ^^^^^^^^^^^^^^^^^^^^^^^^^^^^^^^^^^^^^^^^
  File "C:\Users\user\AppData\Local\Programs\Python\Python311\Lib\site-packages\aiogram\dispatcher\middlewares\error.py", line 25, in __call__
    return await handler(event, data)
           ^^^^^^^^^^^^^^^^^^^^^^^^^^
  File "C:\Users\user\AppData\Local\Programs\Python\Python311\Lib\site-packages\aiogram\dispatcher\middlewares\user_context.py", line 49, in __call__
    return await handler(event, data)
           ^^^^^^^^^^^^^^^^^^^^^^^^^^
  File "C:\Users\user\AppData\Local\Programs\Python\Python311\Lib\contextlib.py", line 222, in __aexit__
    await self.gen.athrow(typ, value, traceback)
  File "C:\Users\user\AppData\Local\Programs\Python\Python311\Lib\site-packages\aiogram\fsm\storage\memory.py", line 56, in lock
    yield
  File "C:\Users\user\AppData\Local\Programs\Python\Python311\Lib\site-packages\aiogram\fsm\middleware.py", line 42, in __call__
    return await handler(event, data)
           ^^^^^^^^^^^^^^^^^^^^^^^^^^
  File "C:\Users\user\AppData\Local\Programs\Python\Python311\Lib\site-packages\aiogram\dispatcher\event\telegram.py", line 121, in trigger
    return await wrapped_inner(event, kwargs)
           ^^^^^^^^^^^^^^^^^^^^^^^^^^^^^^^^^^
  File "C:\Users\user\AppData\Local\Programs\Python\Python311\Lib\site-packages\aiogram\dispatcher\event\handler.py", line 43, in call
    return await wrapped()
           ^^^^^^^^^^^^^^^
  File "C:\Users\user\AppData\Local\Programs\Python\Python311\Lib\site-packages\aiogram\dispatcher\dispatcher.py", line 276, in _listen_update
    return await self.propagate_event(update_type=update_type, event=event, **kwargs)
           ^^^^^^^^^^^^^^^^^^^^^^^^^^^^^^^^^^^^^^^^^^^^^^^^^^^^^^^^^^^^^^^^^^^^^^^^^^
  File "C:\Users\user\AppData\Local\Programs\Python\Python311\Lib\site-packages\aiogram\dispatcher\router.py", line 142, in propagate_event
    return await observer.wrap_outer_middleware(_wrapped, event=event, data=kwargs)
           ^^^^^^^^^^^^^^^^^^^^^^^^^^^^^^^^^^^^^^^^^^^^^^^^^^^^^^^^^^^^^^^^^^^^^^^^
  File "C:\Users\user\AppData\Local\Programs\Python\Python311\Lib\site-packages\aiogram\dispatcher\router.py", line 137, in _wrapped
    return await self._propagate_event(
           ^^^^^^^^^^^^^^^^^^^^^^^^^^^^
  File "C:\Users\user\AppData\Local\Programs\Python\Python311\Lib\site-packages\aiogram\dispatcher\router.py", line 170, in _propagate_event
    response = await router.propagate_event(update_type=update_type, event=event, **kwargs)
               ^^^^^^^^^^^^^^^^^^^^^^^^^^^^^^^^^^^^^^^^^^^^^^^^^^^^^^^^^^^^^^^^^^^^^^^^^^^^
  File "C:\Users\user\AppData\Local\Programs\Python\Python311\Lib\site-packages\aiogram\dispatcher\router.py", line 142, in propagate_event
    return await observer.wrap_outer_middleware(_wrapped, event=event, data=kwargs)
           ^^^^^^^^^^^^^^^^^^^^^^^^^^^^^^^^^^^^^^^^^^^^^^^^^^^^^^^^^^^^^^^^^^^^^^^^
  File "C:\Users\user\AppData\Local\Programs\Python\Python311\Lib\site-packages\aiogram\dispatcher\router.py", line 137, in _wrapped
    return await self._propagate_event(
           ^^^^^^^^^^^^^^^^^^^^^^^^^^^^
  File "C:\Users\user\AppData\Local\Programs\Python\Python311\Lib\site-packages\aiogram\dispatcher\router.py", line 162, in _propagate_event
    response = await observer.trigger(event, **kwargs)
               ^^^^^^^^^^^^^^^^^^^^^^^^^^^^^^^^^^^^^^^
  File "C:\Users\user\AppData\Local\Programs\Python\Python311\Lib\site-packages\aiogram\dispatcher\event\telegram.py", line 121, in trigger
    return await wrapped_inner(event, kwargs)
           ^^^^^^^^^^^^^^^^^^^^^^^^^^^^^^^^^^
  File "C:\Users\user\AppData\Local\Programs\Python\Python311\Lib\site-packages\aiogram\dispatcher\event\handler.py", line 43, in call
    return await wrapped()
           ^^^^^^^^^^^^^^^
  File "D:\UJ_UNIVER_bot\handlers\user.py", line 944, in user_finish
    await _finish_and_show_result(bot, config, session_id, cb.from_user.id, reason="User tugatdi")
  File "D:\UJ_UNIVER_bot\handlers\user.py", line 395, in _finish_and_show_result
    wrong = max(0, total_q - correct)
                             ^^^^^^^
UnboundLocalError: cannot access local variable 'correct' where it is not associated with a value
2026-02-15 21:11:11,632 | INFO | aiogram.event | Update id=886521240 is not handled. Duration 30 ms by bot id=8401290907
2026-02-15 21:11:11,632 | ERROR | aiogram.event | Cause exception while process update id=886521240 by bot id=8401290907
UnboundLocalError: cannot access local variable 'correct' where it is not associated with a value
Traceback (most recent call last):
  File "C:\Users\user\AppData\Local\Programs\Python\Python311\Lib\site-packages\aiogram\dispatcher\dispatcher.py", line 309, in _process_update
    response = await self.feed_update(bot, update, **kwargs)
               ^^^^^^^^^^^^^^^^^^^^^^^^^^^^^^^^^^^^^^^^^^^^^
  File "C:\Users\user\AppData\Local\Programs\Python\Python311\Lib\site-packages\aiogram\dispatcher\dispatcher.py", line 158, in feed_update
    response = await self.update.wrap_outer_middleware(
               ^^^^^^^^^^^^^^^^^^^^^^^^^^^^^^^^^^^^^^^^
  File "C:\Users\user\AppData\Local\Programs\Python\Python311\Lib\site-packages\aiogram\dispatcher\middlewares\error.py", line 25, in __call__
    return await handler(event, data)
           ^^^^^^^^^^^^^^^^^^^^^^^^^^
  File "C:\Users\user\AppData\Local\Programs\Python\Python311\Lib\site-packages\aiogram\dispatcher\middlewares\user_context.py", line 49, in __call__
    return await handler(event, data)
           ^^^^^^^^^^^^^^^^^^^^^^^^^^
  File "C:\Users\user\AppData\Local\Programs\Python\Python311\Lib\contextlib.py", line 222, in __aexit__
    await self.gen.athrow(typ, value, traceback)
  File "C:\Users\user\AppData\Local\Programs\Python\Python311\Lib\site-packages\aiogram\fsm\storage\memory.py", line 56, in lock
    yield
  File "C:\Users\user\AppData\Local\Programs\Python\Python311\Lib\site-packages\aiogram\fsm\middleware.py", line 42, in __call__
    return await handler(event, data)
           ^^^^^^^^^^^^^^^^^^^^^^^^^^
  File "C:\Users\user\AppData\Local\Programs\Python\Python311\Lib\site-packages\aiogram\dispatcher\event\telegram.py", line 121, in trigger
    return await wrapped_inner(event, kwargs)
           ^^^^^^^^^^^^^^^^^^^^^^^^^^^^^^^^^^
  File "C:\Users\user\AppData\Local\Programs\Python\Python311\Lib\site-packages\aiogram\dispatcher\event\handler.py", line 43, in call
    return await wrapped()
           ^^^^^^^^^^^^^^^
  File "C:\Users\user\AppData\Local\Programs\Python\Python311\Lib\site-packages\aiogram\dispatcher\dispatcher.py", line 276, in _listen_update
    return await self.propagate_event(update_type=update_type, event=event, **kwargs)
           ^^^^^^^^^^^^^^^^^^^^^^^^^^^^^^^^^^^^^^^^^^^^^^^^^^^^^^^^^^^^^^^^^^^^^^^^^^
  File "C:\Users\user\AppData\Local\Programs\Python\Python311\Lib\site-packages\aiogram\dispatcher\router.py", line 142, in propagate_event
    return await observer.wrap_outer_middleware(_wrapped, event=event, data=kwargs)
           ^^^^^^^^^^^^^^^^^^^^^^^^^^^^^^^^^^^^^^^^^^^^^^^^^^^^^^^^^^^^^^^^^^^^^^^^
  File "C:\Users\user\AppData\Local\Programs\Python\Python311\Lib\site-packages\aiogram\dispatcher\router.py", line 137, in _wrapped
    return await self._propagate_event(
           ^^^^^^^^^^^^^^^^^^^^^^^^^^^^
  File "C:\Users\user\AppData\Local\Programs\Python\Python311\Lib\site-packages\aiogram\dispatcher\router.py", line 170, in _propagate_event
    response = await router.propagate_event(update_type=update_type, event=event, **kwargs)
               ^^^^^^^^^^^^^^^^^^^^^^^^^^^^^^^^^^^^^^^^^^^^^^^^^^^^^^^^^^^^^^^^^^^^^^^^^^^^
  File "C:\Users\user\AppData\Local\Programs\Python\Python311\Lib\site-packages\aiogram\dispatcher\router.py", line 142, in propagate_event
    return await observer.wrap_outer_middleware(_wrapped, event=event, data=kwargs)
           ^^^^^^^^^^^^^^^^^^^^^^^^^^^^^^^^^^^^^^^^^^^^^^^^^^^^^^^^^^^^^^^^^^^^^^^^
  File "C:\Users\user\AppData\Local\Programs\Python\Python311\Lib\site-packages\aiogram\dispatcher\router.py", line 137, in _wrapped
    return await self._propagate_event(
           ^^^^^^^^^^^^^^^^^^^^^^^^^^^^
  File "C:\Users\user\AppData\Local\Programs\Python\Python311\Lib\site-packages\aiogram\dispatcher\router.py", line 162, in _propagate_event
    response = await observer.trigger(event, **kwargs)
               ^^^^^^^^^^^^^^^^^^^^^^^^^^^^^^^^^^^^^^^
  File "C:\Users\user\AppData\Local\Programs\Python\Python311\Lib\site-packages\aiogram\dispatcher\event\telegram.py", line 121, in trigger
    return await wrapped_inner(event, kwargs)
           ^^^^^^^^^^^^^^^^^^^^^^^^^^^^^^^^^^
  File "C:\Users\user\AppData\Local\Programs\Python\Python311\Lib\site-packages\aiogram\dispatcher\event\handler.py", line 43, in call
    return await wrapped()
           ^^^^^^^^^^^^^^^
  File "D:\UJ_UNIVER_bot\handlers\user.py", line 944, in user_finish
    await _finish_and_show_result(bot, config, session_id, cb.from_user.id, reason="User tugatdi")
  File "D:\UJ_UNIVER_bot\handlers\user.py", line 395, in _finish_and_show_result
    wrong = max(0, total_q - correct)
                             ^^^^^^^
UnboundLocalError: cannot access local variable 'correct' where it is not associated with a value
2026-02-15 21:11:12,947 | INFO | aiogram.event | Update id=886521241 is not handled. Duration 15 ms by bot id=8401290907
2026-02-15 21:11:12,948 | ERROR | aiogram.event | Cause exception while process update id=886521241 by bot id=8401290907
UnboundLocalError: cannot access local variable 'correct' where it is not associated with a value
Traceback (most recent call last):
  File "C:\Users\user\AppData\Local\Programs\Python\Python311\Lib\site-packages\aiogram\dispatcher\dispatcher.py", line 309, in _process_update
    response = await self.feed_update(bot, update, **kwargs)
               ^^^^^^^^^^^^^^^^^^^^^^^^^^^^^^^^^^^^^^^^^^^^^
  File "C:\Users\user\AppData\Local\Programs\Python\Python311\Lib\site-packages\aiogram\dispatcher\dispatcher.py", line 158, in feed_update
    response = await self.update.wrap_outer_middleware(
               ^^^^^^^^^^^^^^^^^^^^^^^^^^^^^^^^^^^^^^^^
  File "C:\Users\user\AppData\Local\Programs\Python\Python311\Lib\site-packages\aiogram\dispatcher\middlewares\error.py", line 25, in __call__
    return await handler(event, data)
           ^^^^^^^^^^^^^^^^^^^^^^^^^^
  File "C:\Users\user\AppData\Local\Programs\Python\Python311\Lib\site-packages\aiogram\dispatcher\middlewares\user_context.py", line 49, in __call__
    return await handler(event, data)
           ^^^^^^^^^^^^^^^^^^^^^^^^^^
  File "C:\Users\user\AppData\Local\Programs\Python\Python311\Lib\contextlib.py", line 222, in __aexit__
    await self.gen.athrow(typ, value, traceback)
  File "C:\Users\user\AppData\Local\Programs\Python\Python311\Lib\site-packages\aiogram\fsm\storage\memory.py", line 56, in lock
    yield
  File "C:\Users\user\AppData\Local\Programs\Python\Python311\Lib\site-packages\aiogram\fsm\middleware.py", line 42, in __call__
    return await handler(event, data)
           ^^^^^^^^^^^^^^^^^^^^^^^^^^
  File "C:\Users\user\AppData\Local\Programs\Python\Python311\Lib\site-packages\aiogram\dispatcher\event\telegram.py", line 121, in trigger
    return await wrapped_inner(event, kwargs)
           ^^^^^^^^^^^^^^^^^^^^^^^^^^^^^^^^^^
  File "C:\Users\user\AppData\Local\Programs\Python\Python311\Lib\site-packages\aiogram\dispatcher\event\handler.py", line 43, in call
    return await wrapped()
           ^^^^^^^^^^^^^^^
  File "C:\Users\user\AppData\Local\Programs\Python\Python311\Lib\site-packages\aiogram\dispatcher\dispatcher.py", line 276, in _listen_update
    return await self.propagate_event(update_type=update_type, event=event, **kwargs)
           ^^^^^^^^^^^^^^^^^^^^^^^^^^^^^^^^^^^^^^^^^^^^^^^^^^^^^^^^^^^^^^^^^^^^^^^^^^
  File "C:\Users\user\AppData\Local\Programs\Python\Python311\Lib\site-packages\aiogram\dispatcher\router.py", line 142, in propagate_event
    return await observer.wrap_outer_middleware(_wrapped, event=event, data=kwargs)
           ^^^^^^^^^^^^^^^^^^^^^^^^^^^^^^^^^^^^^^^^^^^^^^^^^^^^^^^^^^^^^^^^^^^^^^^^
  File "C:\Users\user\AppData\Local\Programs\Python\Python311\Lib\site-packages\aiogram\dispatcher\router.py", line 137, in _wrapped
    return await self._propagate_event(
           ^^^^^^^^^^^^^^^^^^^^^^^^^^^^
  File "C:\Users\user\AppData\Local\Programs\Python\Python311\Lib\site-packages\aiogram\dispatcher\router.py", line 170, in _propagate_event
    response = await router.propagate_event(update_type=update_type, event=event, **kwargs)
               ^^^^^^^^^^^^^^^^^^^^^^^^^^^^^^^^^^^^^^^^^^^^^^^^^^^^^^^^^^^^^^^^^^^^^^^^^^^^
  File "C:\Users\user\AppData\Local\Programs\Python\Python311\Lib\site-packages\aiogram\dispatcher\router.py", line 142, in propagate_event
    return await observer.wrap_outer_middleware(_wrapped, event=event, data=kwargs)
           ^^^^^^^^^^^^^^^^^^^^^^^^^^^^^^^^^^^^^^^^^^^^^^^^^^^^^^^^^^^^^^^^^^^^^^^^
  File "C:\Users\user\AppData\Local\Programs\Python\Python311\Lib\site-packages\aiogram\dispatcher\router.py", line 137, in _wrapped
    return await self._propagate_event(
           ^^^^^^^^^^^^^^^^^^^^^^^^^^^^
  File "C:\Users\user\AppData\Local\Programs\Python\Python311\Lib\site-packages\aiogram\dispatcher\router.py", line 162, in _propagate_event
    response = await observer.trigger(event, **kwargs)
               ^^^^^^^^^^^^^^^^^^^^^^^^^^^^^^^^^^^^^^^
  File "C:\Users\user\AppData\Local\Programs\Python\Python311\Lib\site-packages\aiogram\dispatcher\event\telegram.py", line 121, in trigger
    return await wrapped_inner(event, kwargs)
           ^^^^^^^^^^^^^^^^^^^^^^^^^^^^^^^^^^
  File "C:\Users\user\AppData\Local\Programs\Python\Python311\Lib\site-packages\aiogram\dispatcher\event\handler.py", line 43, in call
    return await wrapped()
           ^^^^^^^^^^^^^^^
  File "D:\UJ_UNIVER_bot\handlers\user.py", line 944, in user_finish
    await _finish_and_show_result(bot, config, session_id, cb.from_user.id, reason="User tugatdi")
  File "D:\UJ_UNIVER_bot\handlers\user.py", line 395, in _finish_and_show_result
    wrong = max(0, total_q - correct)
                             ^^^^^^^
UnboundLocalError: cannot access local variable 'correct' where it is not associated with a value
2026-02-15 21:11:14,392 | INFO | aiogram.event | Update id=886521242 is not handled. Duration 14 ms by bot id=8401290907
2026-02-15 21:11:14,393 | ERROR | aiogram.event | Cause exception while process update id=886521242 by bot id=8401290907
UnboundLocalError: cannot access local variable 'correct' where it is not associated with a value
Traceback (most recent call last):
  File "C:\Users\user\AppData\Local\Programs\Python\Python311\Lib\site-packages\aiogram\dispatcher\dispatcher.py", line 309, in _process_update
    response = await self.feed_update(bot, update, **kwargs)
               ^^^^^^^^^^^^^^^^^^^^^^^^^^^^^^^^^^^^^^^^^^^^^
  File "C:\Users\user\AppData\Local\Programs\Python\Python311\Lib\site-packages\aiogram\dispatcher\dispatcher.py", line 158, in feed_update
    response = await self.update.wrap_outer_middleware(
               ^^^^^^^^^^^^^^^^^^^^^^^^^^^^^^^^^^^^^^^^
  File "C:\Users\user\AppData\Local\Programs\Python\Python311\Lib\site-packages\aiogram\dispatcher\middlewares\error.py", line 25, in __call__
    return await handler(event, data)
           ^^^^^^^^^^^^^^^^^^^^^^^^^^
  File "C:\Users\user\AppData\Local\Programs\Python\Python311\Lib\site-packages\aiogram\dispatcher\middlewares\user_context.py", line 49, in __call__
    return await handler(event, data)
           ^^^^^^^^^^^^^^^^^^^^^^^^^^
  File "C:\Users\user\AppData\Local\Programs\Python\Python311\Lib\contextlib.py", line 222, in __aexit__
    await self.gen.athrow(typ, value, traceback)
  File "C:\Users\user\AppData\Local\Programs\Python\Python311\Lib\site-packages\aiogram\fsm\storage\memory.py", line 56, in lock
    yield
  File "C:\Users\user\AppData\Local\Programs\Python\Python311\Lib\site-packages\aiogram\fsm\middleware.py", line 42, in __call__
    return await handler(event, data)
           ^^^^^^^^^^^^^^^^^^^^^^^^^^
  File "C:\Users\user\AppData\Local\Programs\Python\Python311\Lib\site-packages\aiogram\dispatcher\event\telegram.py", line 121, in trigger
    return await wrapped_inner(event, kwargs)
           ^^^^^^^^^^^^^^^^^^^^^^^^^^^^^^^^^^
  File "C:\Users\user\AppData\Local\Programs\Python\Python311\Lib\site-packages\aiogram\dispatcher\event\handler.py", line 43, in call
    return await wrapped()
           ^^^^^^^^^^^^^^^
  File "C:\Users\user\AppData\Local\Programs\Python\Python311\Lib\site-packages\aiogram\dispatcher\dispatcher.py", line 276, in _listen_update
    return await self.propagate_event(update_type=update_type, event=event, **kwargs)
           ^^^^^^^^^^^^^^^^^^^^^^^^^^^^^^^^^^^^^^^^^^^^^^^^^^^^^^^^^^^^^^^^^^^^^^^^^^
  File "C:\Users\user\AppData\Local\Programs\Python\Python311\Lib\site-packages\aiogram\dispatcher\router.py", line 142, in propagate_event
    return await observer.wrap_outer_middleware(_wrapped, event=event, data=kwargs)
           ^^^^^^^^^^^^^^^^^^^^^^^^^^^^^^^^^^^^^^^^^^^^^^^^^^^^^^^^^^^^^^^^^^^^^^^^
  File "C:\Users\user\AppData\Local\Programs\Python\Python311\Lib\site-packages\aiogram\dispatcher\router.py", line 137, in _wrapped
    return await self._propagate_event(
           ^^^^^^^^^^^^^^^^^^^^^^^^^^^^
  File "C:\Users\user\AppData\Local\Programs\Python\Python311\Lib\site-packages\aiogram\dispatcher\router.py", line 170, in _propagate_event
    response = await router.propagate_event(update_type=update_type, event=event, **kwargs)
               ^^^^^^^^^^^^^^^^^^^^^^^^^^^^^^^^^^^^^^^^^^^^^^^^^^^^^^^^^^^^^^^^^^^^^^^^^^^^
  File "C:\Users\user\AppData\Local\Programs\Python\Python311\Lib\site-packages\aiogram\dispatcher\router.py", line 142, in propagate_event
    return await observer.wrap_outer_middleware(_wrapped, event=event, data=kwargs)
           ^^^^^^^^^^^^^^^^^^^^^^^^^^^^^^^^^^^^^^^^^^^^^^^^^^^^^^^^^^^^^^^^^^^^^^^^
  File "C:\Users\user\AppData\Local\Programs\Python\Python311\Lib\site-packages\aiogram\dispatcher\router.py", line 137, in _wrapped
    return await self._propagate_event(
           ^^^^^^^^^^^^^^^^^^^^^^^^^^^^
  File "C:\Users\user\AppData\Local\Programs\Python\Python311\Lib\site-packages\aiogram\dispatcher\router.py", line 162, in _propagate_event
    response = await observer.trigger(event, **kwargs)
               ^^^^^^^^^^^^^^^^^^^^^^^^^^^^^^^^^^^^^^^
  File "C:\Users\user\AppData\Local\Programs\Python\Python311\Lib\site-packages\aiogram\dispatcher\event\telegram.py", line 121, in trigger
    return await wrapped_inner(event, kwargs)
           ^^^^^^^^^^^^^^^^^^^^^^^^^^^^^^^^^^
  File "C:\Users\user\AppData\Local\Programs\Python\Python311\Lib\site-packages\aiogram\dispatcher\event\handler.py", line 43, in call
    return await wrapped()
           ^^^^^^^^^^^^^^^
  File "D:\UJ_UNIVER_bot\handlers\user.py", line 944, in user_finish
    await _finish_and_show_result(bot, config, session_id, cb.from_user.id, reason="User tugatdi")
  File "D:\UJ_UNIVER_bot\handlers\user.py", line 395, in _finish_and_show_result
    wrong = max(0, total_q - correct)
                             ^^^^^^^
UnboundLocalError: cannot access local variable 'correct' where it is not associated with a value
2026-02-15 21:15:52,101 | INFO | aiogram.event | Update id=886521243 is handled. Duration 359 ms by bot id=8401290907
2026-02-15 21:42:47,131 | INFO | aiogram.dispatcher | Start polling
2026-02-15 21:42:47,231 | INFO | aiogram.dispatcher | Run polling for bot @UJ_UNIVER_bot id=8401290907 - 'UJ_UNIVER'
2026-02-15 21:42:56,315 | INFO | aiogram.event | Update id=886521244 is handled. Duration 344 ms by bot id=8401290907
2026-02-15 21:42:59,796 | INFO | aiogram.event | Update id=886521245 is handled. Duration 108 ms by bot id=8401290907
2026-02-15 21:43:00,991 | INFO | aiogram.event | Update id=886521246 is handled. Duration 296 ms by bot id=8401290907
2026-02-15 21:43:02,151 | INFO | aiogram.event | Update id=886521247 is handled. Duration 265 ms by bot id=8401290907
2026-02-15 21:43:03,214 | INFO | aiogram.event | Update id=886521248 is handled. Duration 312 ms by bot id=8401290907
2026-02-15 21:43:04,485 | INFO | aiogram.event | Update id=886521249 is handled. Duration 469 ms by bot id=8401290907
2026-02-15 21:43:08,696 | INFO | aiogram.event | Update id=886521250 is not handled. Duration 3672 ms by bot id=8401290907
2026-02-15 21:43:08,697 | ERROR | aiogram.event | Cause exception while process update id=886521250 by bot id=8401290907
OperationalError: no such table: answers
Traceback (most recent call last):
  File "C:\Users\user\AppData\Local\Programs\Python\Python311\Lib\site-packages\aiogram\dispatcher\dispatcher.py", line 309, in _process_update
    response = await self.feed_update(bot, update, **kwargs)
               ^^^^^^^^^^^^^^^^^^^^^^^^^^^^^^^^^^^^^^^^^^^^^
  File "C:\Users\user\AppData\Local\Programs\Python\Python311\Lib\site-packages\aiogram\dispatcher\dispatcher.py", line 158, in feed_update
    response = await self.update.wrap_outer_middleware(
               ^^^^^^^^^^^^^^^^^^^^^^^^^^^^^^^^^^^^^^^^
  File "C:\Users\user\AppData\Local\Programs\Python\Python311\Lib\site-packages\aiogram\dispatcher\middlewares\error.py", line 25, in __call__
    return await handler(event, data)
           ^^^^^^^^^^^^^^^^^^^^^^^^^^
  File "C:\Users\user\AppData\Local\Programs\Python\Python311\Lib\site-packages\aiogram\dispatcher\middlewares\user_context.py", line 49, in __call__
    return await handler(event, data)
           ^^^^^^^^^^^^^^^^^^^^^^^^^^
  File "C:\Users\user\AppData\Local\Programs\Python\Python311\Lib\contextlib.py", line 222, in __aexit__
    await self.gen.athrow(typ, value, traceback)
  File "C:\Users\user\AppData\Local\Programs\Python\Python311\Lib\site-packages\aiogram\fsm\storage\memory.py", line 56, in lock
    yield
  File "C:\Users\user\AppData\Local\Programs\Python\Python311\Lib\site-packages\aiogram\fsm\middleware.py", line 42, in __call__
    return await handler(event, data)
           ^^^^^^^^^^^^^^^^^^^^^^^^^^
  File "C:\Users\user\AppData\Local\Programs\Python\Python311\Lib\site-packages\aiogram\dispatcher\event\telegram.py", line 121, in trigger
    return await wrapped_inner(event, kwargs)
           ^^^^^^^^^^^^^^^^^^^^^^^^^^^^^^^^^^
  File "C:\Users\user\AppData\Local\Programs\Python\Python311\Lib\site-packages\aiogram\dispatcher\event\handler.py", line 43, in call
    return await wrapped()
           ^^^^^^^^^^^^^^^
  File "C:\Users\user\AppData\Local\Programs\Python\Python311\Lib\site-packages\aiogram\dispatcher\dispatcher.py", line 276, in _listen_update
    return await self.propagate_event(update_type=update_type, event=event, **kwargs)
           ^^^^^^^^^^^^^^^^^^^^^^^^^^^^^^^^^^^^^^^^^^^^^^^^^^^^^^^^^^^^^^^^^^^^^^^^^^
  File "C:\Users\user\AppData\Local\Programs\Python\Python311\Lib\site-packages\aiogram\dispatcher\router.py", line 142, in propagate_event
    return await observer.wrap_outer_middleware(_wrapped, event=event, data=kwargs)
           ^^^^^^^^^^^^^^^^^^^^^^^^^^^^^^^^^^^^^^^^^^^^^^^^^^^^^^^^^^^^^^^^^^^^^^^^
  File "C:\Users\user\AppData\Local\Programs\Python\Python311\Lib\site-packages\aiogram\dispatcher\router.py", line 137, in _wrapped
    return await self._propagate_event(
           ^^^^^^^^^^^^^^^^^^^^^^^^^^^^
  File "C:\Users\user\AppData\Local\Programs\Python\Python311\Lib\site-packages\aiogram\dispatcher\router.py", line 170, in _propagate_event
    response = await router.propagate_event(update_type=update_type, event=event, **kwargs)
               ^^^^^^^^^^^^^^^^^^^^^^^^^^^^^^^^^^^^^^^^^^^^^^^^^^^^^^^^^^^^^^^^^^^^^^^^^^^^
  File "C:\Users\user\AppData\Local\Programs\Python\Python311\Lib\site-packages\aiogram\dispatcher\router.py", line 142, in propagate_event
    return await observer.wrap_outer_middleware(_wrapped, event=event, data=kwargs)
           ^^^^^^^^^^^^^^^^^^^^^^^^^^^^^^^^^^^^^^^^^^^^^^^^^^^^^^^^^^^^^^^^^^^^^^^^
  File "C:\Users\user\AppData\Local\Programs\Python\Python311\Lib\site-packages\aiogram\dispatcher\router.py", line 137, in _wrapped
    return await self._propagate_event(
           ^^^^^^^^^^^^^^^^^^^^^^^^^^^^
  File "C:\Users\user\AppData\Local\Programs\Python\Python311\Lib\site-packages\aiogram\dispatcher\router.py", line 162, in _propagate_event
    response = await observer.trigger(event, **kwargs)
               ^^^^^^^^^^^^^^^^^^^^^^^^^^^^^^^^^^^^^^^
  File "C:\Users\user\AppData\Local\Programs\Python\Python311\Lib\site-packages\aiogram\dispatcher\event\telegram.py", line 121, in trigger
    return await wrapped_inner(event, kwargs)
           ^^^^^^^^^^^^^^^^^^^^^^^^^^^^^^^^^^
  File "C:\Users\user\AppData\Local\Programs\Python\Python311\Lib\site-packages\aiogram\dispatcher\event\handler.py", line 43, in call
    return await wrapped()
           ^^^^^^^^^^^^^^^
  File "D:\UJ_UNIVER_bot\handlers\user.py", line 895, in user_start_test
    await _render_question(bot, config, session_id, u.id)
  File "D:\UJ_UNIVER_bot\handlers\user.py", line 501, in _render_question
    answered = _count_answered(session_id)
               ^^^^^^^^^^^^^^^^^^^^^^^^^^^
  File "D:\UJ_UNIVER_bot\handlers\user.py", line 255, in _count_answered
    cur.execute("SELECT COUNT(*) AS c FROM answers WHERE session_id=?", (session_id,))
sqlite3.OperationalError: no such table: answers
2026-02-15 21:44:14,211 | INFO | aiogram.event | Update id=886521251 is handled. Duration 125 ms by bot id=8401290907
2026-02-15 21:44:15,886 | INFO | aiogram.event | Update id=886521252 is handled. Duration 311 ms by bot id=8401290907
2026-02-15 21:44:17,143 | INFO | aiogram.event | Update id=886521253 is handled. Duration 344 ms by bot id=8401290907
2026-02-15 21:44:18,164 | INFO | aiogram.event | Update id=886521254 is handled. Duration 250 ms by bot id=8401290907
2026-02-15 21:44:19,193 | INFO | aiogram.event | Update id=886521255 is handled. Duration 422 ms by bot id=8401290907
2026-02-15 21:44:23,485 | INFO | aiogram.event | Update id=886521256 is not handled. Duration 3813 ms by bot id=8401290907
2026-02-15 21:44:23,486 | ERROR | aiogram.event | Cause exception while process update id=886521256 by bot id=8401290907
OperationalError: no such table: answers
Traceback (most recent call last):
  File "C:\Users\user\AppData\Local\Programs\Python\Python311\Lib\site-packages\aiogram\dispatcher\dispatcher.py", line 309, in _process_update
    response = await self.feed_update(bot, update, **kwargs)
               ^^^^^^^^^^^^^^^^^^^^^^^^^^^^^^^^^^^^^^^^^^^^^
  File "C:\Users\user\AppData\Local\Programs\Python\Python311\Lib\site-packages\aiogram\dispatcher\dispatcher.py", line 158, in feed_update
    response = await self.update.wrap_outer_middleware(
               ^^^^^^^^^^^^^^^^^^^^^^^^^^^^^^^^^^^^^^^^
  File "C:\Users\user\AppData\Local\Programs\Python\Python311\Lib\site-packages\aiogram\dispatcher\middlewares\error.py", line 25, in __call__
    return await handler(event, data)
           ^^^^^^^^^^^^^^^^^^^^^^^^^^
  File "C:\Users\user\AppData\Local\Programs\Python\Python311\Lib\site-packages\aiogram\dispatcher\middlewares\user_context.py", line 49, in __call__
    return await handler(event, data)
           ^^^^^^^^^^^^^^^^^^^^^^^^^^
  File "C:\Users\user\AppData\Local\Programs\Python\Python311\Lib\contextlib.py", line 222, in __aexit__
    await self.gen.athrow(typ, value, traceback)
  File "C:\Users\user\AppData\Local\Programs\Python\Python311\Lib\site-packages\aiogram\fsm\storage\memory.py", line 56, in lock
    yield
  File "C:\Users\user\AppData\Local\Programs\Python\Python311\Lib\site-packages\aiogram\fsm\middleware.py", line 42, in __call__
    return await handler(event, data)
           ^^^^^^^^^^^^^^^^^^^^^^^^^^
  File "C:\Users\user\AppData\Local\Programs\Python\Python311\Lib\site-packages\aiogram\dispatcher\event\telegram.py", line 121, in trigger
    return await wrapped_inner(event, kwargs)
           ^^^^^^^^^^^^^^^^^^^^^^^^^^^^^^^^^^
  File "C:\Users\user\AppData\Local\Programs\Python\Python311\Lib\site-packages\aiogram\dispatcher\event\handler.py", line 43, in call
    return await wrapped()
           ^^^^^^^^^^^^^^^
  File "C:\Users\user\AppData\Local\Programs\Python\Python311\Lib\site-packages\aiogram\dispatcher\dispatcher.py", line 276, in _listen_update
    return await self.propagate_event(update_type=update_type, event=event, **kwargs)
           ^^^^^^^^^^^^^^^^^^^^^^^^^^^^^^^^^^^^^^^^^^^^^^^^^^^^^^^^^^^^^^^^^^^^^^^^^^
  File "C:\Users\user\AppData\Local\Programs\Python\Python311\Lib\site-packages\aiogram\dispatcher\router.py", line 142, in propagate_event
    return await observer.wrap_outer_middleware(_wrapped, event=event, data=kwargs)
           ^^^^^^^^^^^^^^^^^^^^^^^^^^^^^^^^^^^^^^^^^^^^^^^^^^^^^^^^^^^^^^^^^^^^^^^^
  File "C:\Users\user\AppData\Local\Programs\Python\Python311\Lib\site-packages\aiogram\dispatcher\router.py", line 137, in _wrapped
    return await self._propagate_event(
           ^^^^^^^^^^^^^^^^^^^^^^^^^^^^
  File "C:\Users\user\AppData\Local\Programs\Python\Python311\Lib\site-packages\aiogram\dispatcher\router.py", line 170, in _propagate_event
    response = await router.propagate_event(update_type=update_type, event=event, **kwargs)
               ^^^^^^^^^^^^^^^^^^^^^^^^^^^^^^^^^^^^^^^^^^^^^^^^^^^^^^^^^^^^^^^^^^^^^^^^^^^^
  File "C:\Users\user\AppData\Local\Programs\Python\Python311\Lib\site-packages\aiogram\dispatcher\router.py", line 142, in propagate_event
    return await observer.wrap_outer_middleware(_wrapped, event=event, data=kwargs)
           ^^^^^^^^^^^^^^^^^^^^^^^^^^^^^^^^^^^^^^^^^^^^^^^^^^^^^^^^^^^^^^^^^^^^^^^^
  File "C:\Users\user\AppData\Local\Programs\Python\Python311\Lib\site-packages\aiogram\dispatcher\router.py", line 137, in _wrapped
    return await self._propagate_event(
           ^^^^^^^^^^^^^^^^^^^^^^^^^^^^
  File "C:\Users\user\AppData\Local\Programs\Python\Python311\Lib\site-packages\aiogram\dispatcher\router.py", line 162, in _propagate_event
    response = await observer.trigger(event, **kwargs)
               ^^^^^^^^^^^^^^^^^^^^^^^^^^^^^^^^^^^^^^^
  File "C:\Users\user\AppData\Local\Programs\Python\Python311\Lib\site-packages\aiogram\dispatcher\event\telegram.py", line 121, in trigger
    return await wrapped_inner(event, kwargs)
           ^^^^^^^^^^^^^^^^^^^^^^^^^^^^^^^^^^
  File "C:\Users\user\AppData\Local\Programs\Python\Python311\Lib\site-packages\aiogram\dispatcher\event\handler.py", line 43, in call
    return await wrapped()
           ^^^^^^^^^^^^^^^
  File "D:\UJ_UNIVER_bot\handlers\user.py", line 895, in user_start_test
    await _render_question(bot, config, session_id, u.id)
  File "D:\UJ_UNIVER_bot\handlers\user.py", line 501, in _render_question
    answered = _count_answered(session_id)
               ^^^^^^^^^^^^^^^^^^^^^^^^^^^
  File "D:\UJ_UNIVER_bot\handlers\user.py", line 255, in _count_answered
    cur.execute("SELECT COUNT(*) AS c FROM answers WHERE session_id=?", (session_id,))
sqlite3.OperationalError: no such table: answers
2026-02-15 21:44:24,328 | INFO | aiogram.event | Update id=886521257 is handled. Duration 250 ms by bot id=8401290907
2026-02-15 21:44:25,723 | INFO | aiogram.event | Update id=886521258 is handled. Duration 264 ms by bot id=8401290907
2026-02-15 21:44:28,925 | INFO | aiogram.event | Update id=886521259 is not handled. Duration 14 ms by bot id=8401290907
2026-02-15 21:44:32,168 | INFO | aiogram.event | Update id=886521260 is not handled. Duration 14 ms by bot id=8401290907
2026-02-15 21:44:32,879 | INFO | aiogram.event | Update id=886521261 is not handled. Duration 15 ms by bot id=8401290907
2026-02-15 21:44:33,197 | INFO | aiogram.event | Update id=886521262 is not handled. Duration 15 ms by bot id=8401290907
2026-02-15 21:44:33,308 | INFO | aiogram.event | Update id=886521263 is not handled. Duration 16 ms by bot id=8401290907
2026-02-15 21:44:36,833 | INFO | aiogram.event | Update id=886521264 is not handled. Duration 30 ms by bot id=8401290907
2026-02-15 21:44:43,808 | INFO | aiogram.event | Update id=886521265 is handled. Duration 328 ms by bot id=8401290907
2026-02-15 21:44:44,929 | INFO | aiogram.event | Update id=886521266 is handled. Duration 297 ms by bot id=8401290907
2026-02-15 21:44:46,272 | INFO | aiogram.event | Update id=886521267 is handled. Duration 375 ms by bot id=8401290907
2026-02-15 21:44:48,408 | INFO | aiogram.event | Update id=886521268 is handled. Duration 280 ms by bot id=8401290907
2026-02-15 21:44:49,973 | INFO | aiogram.event | Update id=886521269 is handled. Duration 250 ms by bot id=8401290907
2026-02-15 21:44:51,733 | INFO | aiogram.event | Update id=886521270 is handled. Duration 390 ms by bot id=8401290907
2026-02-15 21:44:53,421 | INFO | aiogram.event | Update id=886521271 is handled. Duration 139 ms by bot id=8401290907
2026-02-15 21:44:57,310 | INFO | aiogram.event | Update id=886521272 is handled. Duration 125 ms by bot id=8401290907
2026-02-15 21:44:59,144 | INFO | aiogram.event | Update id=886521273 is handled. Duration 250 ms by bot id=8401290907
2026-02-15 22:06:35,558 | INFO | aiogram.dispatcher | Start polling
2026-02-15 22:06:35,653 | INFO | aiogram.dispatcher | Run polling for bot @UJ_UNIVER_bot id=8401290907 - 'UJ_UNIVER'
2026-02-15 22:06:46,178 | INFO | aiogram.event | Update id=886521274 is handled. Duration 484 ms by bot id=8401290907
2026-02-15 22:06:47,490 | INFO | aiogram.event | Update id=886521275 is handled. Duration 312 ms by bot id=8401290907
2026-02-15 22:06:48,625 | INFO | aiogram.event | Update id=886521276 is handled. Duration 296 ms by bot id=8401290907
2026-02-15 22:06:49,526 | INFO | aiogram.event | Update id=886521277 is handled. Duration 235 ms by bot id=8401290907
2026-02-15 22:06:50,347 | INFO | aiogram.event | Update id=886521278 is handled. Duration 234 ms by bot id=8401290907
2026-02-15 22:06:54,860 | INFO | aiogram.event | Update id=886521279 is handled. Duration 3938 ms by bot id=8401290907
2026-02-15 22:07:11,019 | INFO | aiogram.event | Update id=886521280 is handled. Duration 484 ms by bot id=8401290907
2026-02-15 22:07:14,097 | INFO | aiogram.event | Update id=886521281 is handled. Duration 297 ms by bot id=8401290907
2026-02-15 22:07:15,126 | INFO | aiogram.event | Update id=886521282 is handled. Duration 265 ms by bot id=8401290907
2026-02-15 22:07:16,186 | INFO | aiogram.event | Update id=886521283 is handled. Duration 328 ms by bot id=8401290907
2026-02-15 22:07:17,162 | INFO | aiogram.event | Update id=886521284 is handled. Duration 264 ms by bot id=8401290907
2026-02-15 22:07:17,974 | INFO | aiogram.event | Update id=886521285 is not handled. Duration 15 ms by bot id=8401290907
2026-02-15 22:07:21,827 | INFO | aiogram.event | Update id=886521286 is not handled. Duration 250 ms by bot id=8401290907
2026-02-15 22:07:21,828 | ERROR | aiogram.event | Cause exception while process update id=886521286 by bot id=8401290907
UnboundLocalError: cannot access local variable 'correct' where it is not associated with a value
Traceback (most recent call last):
  File "C:\Users\user\AppData\Local\Programs\Python\Python311\Lib\site-packages\aiogram\dispatcher\dispatcher.py", line 309, in _process_update
    response = await self.feed_update(bot, update, **kwargs)
               ^^^^^^^^^^^^^^^^^^^^^^^^^^^^^^^^^^^^^^^^^^^^^
  File "C:\Users\user\AppData\Local\Programs\Python\Python311\Lib\site-packages\aiogram\dispatcher\dispatcher.py", line 158, in feed_update
    response = await self.update.wrap_outer_middleware(
               ^^^^^^^^^^^^^^^^^^^^^^^^^^^^^^^^^^^^^^^^
  File "C:\Users\user\AppData\Local\Programs\Python\Python311\Lib\site-packages\aiogram\dispatcher\middlewares\error.py", line 25, in __call__
    return await handler(event, data)
           ^^^^^^^^^^^^^^^^^^^^^^^^^^
  File "C:\Users\user\AppData\Local\Programs\Python\Python311\Lib\site-packages\aiogram\dispatcher\middlewares\user_context.py", line 49, in __call__
    return await handler(event, data)
           ^^^^^^^^^^^^^^^^^^^^^^^^^^
  File "C:\Users\user\AppData\Local\Programs\Python\Python311\Lib\contextlib.py", line 222, in __aexit__
    await self.gen.athrow(typ, value, traceback)
  File "C:\Users\user\AppData\Local\Programs\Python\Python311\Lib\site-packages\aiogram\fsm\storage\memory.py", line 56, in lock
    yield
  File "C:\Users\user\AppData\Local\Programs\Python\Python311\Lib\site-packages\aiogram\fsm\middleware.py", line 42, in __call__
    return await handler(event, data)
           ^^^^^^^^^^^^^^^^^^^^^^^^^^
  File "C:\Users\user\AppData\Local\Programs\Python\Python311\Lib\site-packages\aiogram\dispatcher\event\telegram.py", line 121, in trigger
    return await wrapped_inner(event, kwargs)
           ^^^^^^^^^^^^^^^^^^^^^^^^^^^^^^^^^^
  File "C:\Users\user\AppData\Local\Programs\Python\Python311\Lib\site-packages\aiogram\dispatcher\event\handler.py", line 43, in call
    return await wrapped()
           ^^^^^^^^^^^^^^^
  File "C:\Users\user\AppData\Local\Programs\Python\Python311\Lib\site-packages\aiogram\dispatcher\dispatcher.py", line 276, in _listen_update
    return await self.propagate_event(update_type=update_type, event=event, **kwargs)
           ^^^^^^^^^^^^^^^^^^^^^^^^^^^^^^^^^^^^^^^^^^^^^^^^^^^^^^^^^^^^^^^^^^^^^^^^^^
  File "C:\Users\user\AppData\Local\Programs\Python\Python311\Lib\site-packages\aiogram\dispatcher\router.py", line 142, in propagate_event
    return await observer.wrap_outer_middleware(_wrapped, event=event, data=kwargs)
           ^^^^^^^^^^^^^^^^^^^^^^^^^^^^^^^^^^^^^^^^^^^^^^^^^^^^^^^^^^^^^^^^^^^^^^^^
  File "C:\Users\user\AppData\Local\Programs\Python\Python311\Lib\site-packages\aiogram\dispatcher\router.py", line 137, in _wrapped
    return await self._propagate_event(
           ^^^^^^^^^^^^^^^^^^^^^^^^^^^^
  File "C:\Users\user\AppData\Local\Programs\Python\Python311\Lib\site-packages\aiogram\dispatcher\router.py", line 170, in _propagate_event
    response = await router.propagate_event(update_type=update_type, event=event, **kwargs)
               ^^^^^^^^^^^^^^^^^^^^^^^^^^^^^^^^^^^^^^^^^^^^^^^^^^^^^^^^^^^^^^^^^^^^^^^^^^^^
  File "C:\Users\user\AppData\Local\Programs\Python\Python311\Lib\site-packages\aiogram\dispatcher\router.py", line 142, in propagate_event
    return await observer.wrap_outer_middleware(_wrapped, event=event, data=kwargs)
           ^^^^^^^^^^^^^^^^^^^^^^^^^^^^^^^^^^^^^^^^^^^^^^^^^^^^^^^^^^^^^^^^^^^^^^^^
  File "C:\Users\user\AppData\Local\Programs\Python\Python311\Lib\site-packages\aiogram\dispatcher\router.py", line 137, in _wrapped
    return await self._propagate_event(
           ^^^^^^^^^^^^^^^^^^^^^^^^^^^^
  File "C:\Users\user\AppData\Local\Programs\Python\Python311\Lib\site-packages\aiogram\dispatcher\router.py", line 162, in _propagate_event
    response = await observer.trigger(event, **kwargs)
               ^^^^^^^^^^^^^^^^^^^^^^^^^^^^^^^^^^^^^^^
  File "C:\Users\user\AppData\Local\Programs\Python\Python311\Lib\site-packages\aiogram\dispatcher\event\telegram.py", line 121, in trigger
    return await wrapped_inner(event, kwargs)
           ^^^^^^^^^^^^^^^^^^^^^^^^^^^^^^^^^^
  File "C:\Users\user\AppData\Local\Programs\Python\Python311\Lib\site-packages\aiogram\dispatcher\event\handler.py", line 43, in call
    return await wrapped()
           ^^^^^^^^^^^^^^^
  File "D:\UJ_UNIVER_bot\handlers\user.py", line 977, in user_finish
    await _finish_and_show_result(bot, config, session_id, cb.from_user.id, reason="User tugatdi")
  File "D:\UJ_UNIVER_bot\handlers\user.py", line 414, in _finish_and_show_result
    wrong = max(0, answered - correct)
                              ^^^^^^^
UnboundLocalError: cannot access local variable 'correct' where it is not associated with a value
2026-02-15 22:07:31,097 | INFO | aiogram.event | Update id=886521287 is handled. Duration 125 ms by bot id=8401290907
2026-02-15 22:07:32,296 | INFO | aiogram.event | Update id=886521288 is handled. Duration 311 ms by bot id=8401290907
2026-02-15 22:07:33,939 | INFO | aiogram.event | Update id=886521289 is handled. Duration 250 ms by bot id=8401290907
2026-02-15 22:07:34,912 | INFO | aiogram.event | Update id=886521290 is handled. Duration 264 ms by bot id=8401290907
2026-02-15 22:07:36,272 | INFO | aiogram.event | Update id=886521291 is handled. Duration 265 ms by bot id=8401290907
2026-02-15 22:07:41,089 | INFO | aiogram.event | Update id=886521292 is handled. Duration 4109 ms by bot id=8401290907
2026-02-15 22:07:42,253 | INFO | aiogram.event | Update id=886521293 is handled. Duration 329 ms by bot id=8401290907
2026-02-15 22:07:44,286 | INFO | aiogram.event | Update id=886521294 is handled. Duration 265 ms by bot id=8401290907
2026-02-15 22:07:45,395 | INFO | aiogram.event | Update id=886521295 is handled. Duration 250 ms by bot id=8401290907
2026-02-15 22:07:46,928 | INFO | aiogram.event | Update id=886521296 is handled. Duration 266 ms by bot id=8401290907
2026-02-15 22:07:48,677 | INFO | aiogram.event | Update id=886521297 is not handled. Duration 14 ms by bot id=8401290907
2026-02-15 22:07:56,460 | INFO | aiogram.event | Update id=886521298 is not handled. Duration 250 ms by bot id=8401290907
2026-02-15 22:07:56,460 | ERROR | aiogram.event | Cause exception while process update id=886521298 by bot id=8401290907
UnboundLocalError: cannot access local variable 'correct' where it is not associated with a value
Traceback (most recent call last):
  File "C:\Users\user\AppData\Local\Programs\Python\Python311\Lib\site-packages\aiogram\dispatcher\dispatcher.py", line 309, in _process_update
    response = await self.feed_update(bot, update, **kwargs)
               ^^^^^^^^^^^^^^^^^^^^^^^^^^^^^^^^^^^^^^^^^^^^^
  File "C:\Users\user\AppData\Local\Programs\Python\Python311\Lib\site-packages\aiogram\dispatcher\dispatcher.py", line 158, in feed_update
    response = await self.update.wrap_outer_middleware(
               ^^^^^^^^^^^^^^^^^^^^^^^^^^^^^^^^^^^^^^^^
  File "C:\Users\user\AppData\Local\Programs\Python\Python311\Lib\site-packages\aiogram\dispatcher\middlewares\error.py", line 25, in __call__
    return await handler(event, data)
           ^^^^^^^^^^^^^^^^^^^^^^^^^^
  File "C:\Users\user\AppData\Local\Programs\Python\Python311\Lib\site-packages\aiogram\dispatcher\middlewares\user_context.py", line 49, in __call__
    return await handler(event, data)
           ^^^^^^^^^^^^^^^^^^^^^^^^^^
  File "C:\Users\user\AppData\Local\Programs\Python\Python311\Lib\contextlib.py", line 222, in __aexit__
    await self.gen.athrow(typ, value, traceback)
  File "C:\Users\user\AppData\Local\Programs\Python\Python311\Lib\site-packages\aiogram\fsm\storage\memory.py", line 56, in lock
    yield
  File "C:\Users\user\AppData\Local\Programs\Python\Python311\Lib\site-packages\aiogram\fsm\middleware.py", line 42, in __call__
    return await handler(event, data)
           ^^^^^^^^^^^^^^^^^^^^^^^^^^
  File "C:\Users\user\AppData\Local\Programs\Python\Python311\Lib\site-packages\aiogram\dispatcher\event\telegram.py", line 121, in trigger
    return await wrapped_inner(event, kwargs)
           ^^^^^^^^^^^^^^^^^^^^^^^^^^^^^^^^^^
  File "C:\Users\user\AppData\Local\Programs\Python\Python311\Lib\site-packages\aiogram\dispatcher\event\handler.py", line 43, in call
    return await wrapped()
           ^^^^^^^^^^^^^^^
  File "C:\Users\user\AppData\Local\Programs\Python\Python311\Lib\site-packages\aiogram\dispatcher\dispatcher.py", line 276, in _listen_update
    return await self.propagate_event(update_type=update_type, event=event, **kwargs)
           ^^^^^^^^^^^^^^^^^^^^^^^^^^^^^^^^^^^^^^^^^^^^^^^^^^^^^^^^^^^^^^^^^^^^^^^^^^
  File "C:\Users\user\AppData\Local\Programs\Python\Python311\Lib\site-packages\aiogram\dispatcher\router.py", line 142, in propagate_event
    return await observer.wrap_outer_middleware(_wrapped, event=event, data=kwargs)
           ^^^^^^^^^^^^^^^^^^^^^^^^^^^^^^^^^^^^^^^^^^^^^^^^^^^^^^^^^^^^^^^^^^^^^^^^
  File "C:\Users\user\AppData\Local\Programs\Python\Python311\Lib\site-packages\aiogram\dispatcher\router.py", line 137, in _wrapped
    return await self._propagate_event(
           ^^^^^^^^^^^^^^^^^^^^^^^^^^^^
  File "C:\Users\user\AppData\Local\Programs\Python\Python311\Lib\site-packages\aiogram\dispatcher\router.py", line 170, in _propagate_event
    response = await router.propagate_event(update_type=update_type, event=event, **kwargs)
               ^^^^^^^^^^^^^^^^^^^^^^^^^^^^^^^^^^^^^^^^^^^^^^^^^^^^^^^^^^^^^^^^^^^^^^^^^^^^
  File "C:\Users\user\AppData\Local\Programs\Python\Python311\Lib\site-packages\aiogram\dispatcher\router.py", line 142, in propagate_event
    return await observer.wrap_outer_middleware(_wrapped, event=event, data=kwargs)
           ^^^^^^^^^^^^^^^^^^^^^^^^^^^^^^^^^^^^^^^^^^^^^^^^^^^^^^^^^^^^^^^^^^^^^^^^
  File "C:\Users\user\AppData\Local\Programs\Python\Python311\Lib\site-packages\aiogram\dispatcher\router.py", line 137, in _wrapped
    return await self._propagate_event(
           ^^^^^^^^^^^^^^^^^^^^^^^^^^^^
  File "C:\Users\user\AppData\Local\Programs\Python\Python311\Lib\site-packages\aiogram\dispatcher\router.py", line 162, in _propagate_event
    response = await observer.trigger(event, **kwargs)
               ^^^^^^^^^^^^^^^^^^^^^^^^^^^^^^^^^^^^^^^
  File "C:\Users\user\AppData\Local\Programs\Python\Python311\Lib\site-packages\aiogram\dispatcher\event\telegram.py", line 121, in trigger
    return await wrapped_inner(event, kwargs)
           ^^^^^^^^^^^^^^^^^^^^^^^^^^^^^^^^^^
  File "C:\Users\user\AppData\Local\Programs\Python\Python311\Lib\site-packages\aiogram\dispatcher\event\handler.py", line 43, in call
    return await wrapped()
           ^^^^^^^^^^^^^^^
  File "D:\UJ_UNIVER_bot\handlers\user.py", line 977, in user_finish
    await _finish_and_show_result(bot, config, session_id, cb.from_user.id, reason="User tugatdi")
  File "D:\UJ_UNIVER_bot\handlers\user.py", line 414, in _finish_and_show_result
    wrong = max(0, answered - correct)
                              ^^^^^^^
UnboundLocalError: cannot access local variable 'correct' where it is not associated with a value
2026-02-15 22:09:19,069 | INFO | aiogram.event | Update id=886521299 is handled. Duration 360 ms by bot id=8401290907
2026-02-15 22:09:24,966 | INFO | aiogram.event | Update id=886521300 is handled. Duration 312 ms by bot id=8401290907
2026-02-15 22:09:26,449 | INFO | aiogram.event | Update id=886521301 is handled. Duration 547 ms by bot id=8401290907
2026-02-15 22:09:31,840 | INFO | aiogram.event | Update id=886521302 is not handled. Duration 14 ms by bot id=8401290907
2026-02-15 22:09:33,600 | INFO | aiogram.event | Update id=886521303 is handled. Duration 140 ms by bot id=8401290907
2026-02-15 22:09:37,128 | INFO | aiogram.event | Update id=886521304 is handled. Duration 156 ms by bot id=8401290907
2026-02-15 22:09:38,970 | INFO | aiogram.event | Update id=886521305 is handled. Duration 234 ms by bot id=8401290907
2026-02-15 22:09:42,077 | INFO | aiogram.event | Update id=886521306 is handled. Duration 140 ms by bot id=8401290907
2026-02-15 22:09:49,932 | INFO | aiogram.event | Update id=886521307 is handled. Duration 281 ms by bot id=8401290907
2026-02-15 22:09:53,308 | INFO | aiogram.event | Update id=886521308 is handled. Duration 250 ms by bot id=8401290907
2026-02-15 22:09:54,353 | INFO | aiogram.event | Update id=886521309 is handled. Duration 265 ms by bot id=8401290907
2026-02-15 22:09:55,888 | INFO | aiogram.event | Update id=886521310 is handled. Duration 827 ms by bot id=8401290907
2026-02-15 22:09:56,841 | INFO | aiogram.event | Update id=886521311 is handled. Duration 155 ms by bot id=8401290907
2026-02-15 22:09:58,050 | INFO | aiogram.event | Update id=886521312 is handled. Duration 125 ms by bot id=8401290907
2026-02-15 22:10:03,504 | INFO | aiogram.event | Update id=886521313 is handled. Duration 469 ms by bot id=8401290907
2026-02-15 22:10:04,471 | INFO | aiogram.event | Update id=886521314 is not handled. Duration 14 ms by bot id=8401290907
2026-02-15 22:10:07,515 | INFO | aiogram.event | Update id=886521315 is not handled. Duration 14 ms by bot id=8401290907
2026-02-15 22:10:08,610 | INFO | aiogram.event | Update id=886521316 is not handled. Duration 15 ms by bot id=8401290907
2026-02-15 22:10:08,809 | INFO | aiogram.event | Update id=886521317 is not handled. Duration 16 ms by bot id=8401290907
2026-02-15 22:10:09,039 | INFO | aiogram.event | Update id=886521318 is not handled. Duration 14 ms by bot id=8401290907
2026-02-15 22:10:09,544 | INFO | aiogram.event | Update id=886521319 is not handled. Duration 14 ms by bot id=8401290907
2026-02-15 22:32:09,406 | INFO | aiogram.dispatcher | Start polling
2026-02-15 22:32:09,501 | INFO | aiogram.dispatcher | Run polling for bot @UJ_UNIVER_bot id=8401290907 - 'UJ_UNIVER'
2026-02-15 22:32:19,511 | INFO | aiogram.event | Update id=886521320 is handled. Duration 344 ms by bot id=8401290907
2026-02-15 22:32:21,068 | INFO | aiogram.event | Update id=886521321 is handled. Duration 344 ms by bot id=8401290907
2026-02-15 22:32:22,522 | INFO | aiogram.event | Update id=886521322 is handled. Duration 452 ms by bot id=8401290907
2026-02-15 22:32:23,581 | INFO | aiogram.event | Update id=886521323 is handled. Duration 313 ms by bot id=8401290907
2026-02-15 22:32:24,890 | INFO | aiogram.event | Update id=886521324 is handled. Duration 421 ms by bot id=8401290907
2026-02-15 22:32:26,197 | INFO | aiogram.event | Update id=886521325 is handled. Duration 140 ms by bot id=8401290907
2026-02-15 22:32:27,860 | INFO | aiogram.event | Update id=886521326 is handled. Duration 280 ms by bot id=8401290907
2026-02-15 22:32:29,022 | INFO | aiogram.event | Update id=886521327 is handled. Duration 390 ms by bot id=8401290907
2026-02-15 22:32:30,382 | INFO | aiogram.event | Update id=886521328 is handled. Duration 484 ms by bot id=8401290907
2026-02-15 22:32:31,210 | INFO | aiogram.event | Update id=886521329 is handled. Duration 139 ms by bot id=8401290907
2026-02-15 22:32:34,402 | INFO | aiogram.event | Update id=886521330 is handled. Duration 515 ms by bot id=8401290907
2026-02-15 22:32:35,575 | INFO | aiogram.event | Update id=886521331 is handled. Duration 250 ms by bot id=8401290907
2026-02-15 22:32:36,462 | INFO | aiogram.event | Update id=886521332 is handled. Duration 250 ms by bot id=8401290907
2026-02-15 22:32:37,594 | INFO | aiogram.event | Update id=886521333 is handled. Duration 234 ms by bot id=8401290907
2026-02-15 22:32:42,328 | INFO | aiogram.event | Update id=886521334 is handled. Duration 3563 ms by bot id=8401290907
2026-02-15 22:32:51,664 | INFO | aiogram.event | Update id=886521335 is handled. Duration 125 ms by bot id=8401290907
2026-02-15 22:32:53,051 | INFO | aiogram.event | Update id=886521336 is handled. Duration 467 ms by bot id=8401290907
2026-02-15 22:32:53,984 | INFO | aiogram.event | Update id=886521337 is not handled. Duration 15 ms by bot id=8401290907
2026-02-15 22:32:55,643 | INFO | aiogram.event | Update id=886521338 is not handled. Duration 14 ms by bot id=8401290907
2026-02-15 22:32:55,868 | INFO | aiogram.event | Update id=886521339 is not handled. Duration 15 ms by bot id=8401290907
2026-02-15 22:32:56,195 | INFO | aiogram.event | Update id=886521340 is not handled. Duration 15 ms by bot id=8401290907
2026-02-15 22:32:56,465 | INFO | aiogram.event | Update id=886521341 is not handled. Duration 14 ms by bot id=8401290907
2026-02-15 22:33:00,709 | INFO | aiogram.event | Update id=886521342 is handled. Duration 172 ms by bot id=8401290907
2026-02-15 22:33:03,753 | INFO | aiogram.event | Update id=886521343 is handled. Duration 296 ms by bot id=8401290907
2026-02-15 22:33:05,379 | INFO | aiogram.event | Update id=886521344 is handled. Duration 469 ms by bot id=8401290907
2026-02-15 22:33:06,548 | INFO | aiogram.event | Update id=886521345 is handled. Duration 280 ms by bot id=8401290907
2026-02-15 22:33:07,341 | INFO | aiogram.event | Update id=886521346 is handled. Duration 250 ms by bot id=8401290907
2026-02-15 22:33:11,629 | INFO | aiogram.event | Update id=886521347 is handled. Duration 3546 ms by bot id=8401290907
2026-02-15 22:33:14,561 | INFO | aiogram.event | Update id=886521348 is handled. Duration 109 ms by bot id=8401290907
2026-02-15 22:33:15,731 | INFO | aiogram.event | Update id=886521349 is handled. Duration 250 ms by bot id=8401290907
2026-02-15 22:33:16,060 | INFO | aiogram.event | Update id=886521350 is handled. Duration 266 ms by bot id=8401290907
2026-02-15 22:33:17,769 | INFO | aiogram.event | Update id=886521351 is handled. Duration 139 ms by bot id=8401290907
2026-02-15 22:33:18,901 | INFO | aiogram.event | Update id=886521352 is handled. Duration 327 ms by bot id=8401290907
2026-02-15 22:33:19,861 | INFO | aiogram.event | Update id=886521353 is not handled. Duration 15 ms by bot id=8401290907
2026-02-15 22:42:31,924 | INFO | aiogram.dispatcher | Start polling
2026-02-15 22:42:32,024 | INFO | aiogram.dispatcher | Run polling for bot @UJ_UNIVER_bot id=8401290907 - 'UJ_UNIVER'
2026-02-15 22:42:39,992 | INFO | aiogram.event | Update id=886521354 is handled. Duration 579 ms by bot id=8401290907
2026-02-15 22:42:41,563 | INFO | aiogram.event | Update id=886521355 is handled. Duration 406 ms by bot id=8401290907
2026-02-15 22:42:45,186 | INFO | aiogram.event | Update id=886521356 is handled. Duration 266 ms by bot id=8401290907
2026-02-15 22:42:46,149 | INFO | aiogram.event | Update id=886521357 is handled. Duration 265 ms by bot id=8401290907
2026-02-15 22:42:47,528 | INFO | aiogram.event | Update id=886521358 is handled. Duration 671 ms by bot id=8401290907
2026-02-15 22:42:48,210 | INFO | aiogram.event | Update id=886521359 is handled. Duration 187 ms by bot id=8401290907
2026-02-15 22:42:52,419 | INFO | aiogram.event | Update id=886521360 is handled. Duration 280 ms by bot id=8401290907
2026-02-15 22:42:53,545 | INFO | aiogram.event | Update id=886521361 is handled. Duration 250 ms by bot id=8401290907
2026-02-15 22:42:54,469 | INFO | aiogram.event | Update id=886521362 is handled. Duration 280 ms by bot id=8401290907
2026-02-15 22:42:55,566 | INFO | aiogram.event | Update id=886521363 is handled. Duration 484 ms by bot id=8401290907
2026-02-15 22:42:56,476 | INFO | aiogram.event | Update id=886521364 is handled. Duration 219 ms by bot id=8401290907
2026-02-15 22:42:59,209 | INFO | aiogram.event | Update id=886521365 is handled. Duration 312 ms by bot id=8401290907
2026-02-15 22:43:00,321 | INFO | aiogram.event | Update id=886521366 is handled. Duration 140 ms by bot id=8401290907
2026-02-15 22:43:02,540 | INFO | aiogram.event | Update id=886521367 is handled. Duration 264 ms by bot id=8401290907
2026-02-15 22:43:03,864 | INFO | aiogram.event | Update id=886521368 is handled. Duration 484 ms by bot id=8401290907
2026-02-15 22:43:05,620 | INFO | aiogram.event | Update id=886521369 is handled. Duration 500 ms by bot id=8401290907
2026-02-15 22:43:06,684 | INFO | aiogram.event | Update id=886521370 is handled. Duration 141 ms by bot id=8401290907
2026-02-15 22:43:07,831 | INFO | aiogram.event | Update id=886521371 is handled. Duration 282 ms by bot id=8401290907
2026-02-15 22:43:09,068 | INFO | aiogram.event | Update id=886521372 is handled. Duration 250 ms by bot id=8401290907
2026-02-15 22:43:10,180 | INFO | aiogram.event | Update id=886521373 is handled. Duration 266 ms by bot id=8401290907
2026-02-15 22:43:11,382 | INFO | aiogram.event | Update id=886521374 is handled. Duration 389 ms by bot id=8401290907
2026-02-15 22:43:15,890 | INFO | aiogram.event | Update id=886521375 is handled. Duration 3796 ms by bot id=8401290907
2026-02-15 22:43:21,555 | INFO | aiogram.event | Update id=886521376 is handled. Duration 156 ms by bot id=8401290907
2026-02-15 22:43:22,646 | INFO | aiogram.event | Update id=886521377 is handled. Duration 360 ms by bot id=8401290907
2026-02-15 22:43:24,546 | INFO | aiogram.event | Update id=886521378 is handled. Duration 389 ms by bot id=8401290907
2026-02-15 22:43:25,750 | INFO | aiogram.event | Update id=886521379 is handled. Duration 360 ms by bot id=8401290907
2026-02-15 22:43:27,237 | INFO | aiogram.event | Update id=886521380 is handled. Duration 530 ms by bot id=8401290907
2026-02-15 22:43:32,173 | INFO | aiogram.event | Update id=886521381 is handled. Duration 3811 ms by bot id=8401290907
2026-02-15 23:00:50,367 | INFO | aiogram.dispatcher | Start polling
2026-02-15 23:00:50,463 | INFO | aiogram.dispatcher | Run polling for bot @UJ_UNIVER_bot id=8401290907 - 'UJ_UNIVER'
2026-02-15 23:00:58,216 | INFO | aiogram.event | Update id=886521382 is handled. Duration 359 ms by bot id=8401290907
2026-02-15 23:00:59,446 | INFO | aiogram.event | Update id=886521383 is handled. Duration 297 ms by bot id=8401290907
2026-02-15 23:01:00,649 | INFO | aiogram.event | Update id=886521384 is handled. Duration 312 ms by bot id=8401290907
2026-02-15 23:01:01,651 | INFO | aiogram.event | Update id=886521385 is handled. Duration 265 ms by bot id=8401290907
2026-02-15 23:01:02,576 | INFO | aiogram.event | Update id=886521386 is handled. Duration 297 ms by bot id=8401290907
2026-02-15 23:01:03,853 | INFO | aiogram.event | Update id=886521387 is handled. Duration 594 ms by bot id=8401290907
2026-02-15 23:01:05,581 | INFO | aiogram.event | Update id=886521388 is handled. Duration 438 ms by bot id=8401290907
2026-02-15 23:01:08,007 | INFO | aiogram.event | Update id=886521389 is handled. Duration 280 ms by bot id=8401290907
2026-02-15 23:01:09,149 | INFO | aiogram.event | Update id=886521390 is handled. Duration 296 ms by bot id=8401290907
2026-02-15 23:01:10,581 | INFO | aiogram.event | Update id=886521391 is handled. Duration 265 ms by bot id=8401290907
2026-02-15 23:01:19,613 | INFO | aiogram.event | Update id=886521392 is handled. Duration 280 ms by bot id=8401290907
2026-02-15 23:01:20,603 | INFO | aiogram.event | Update id=886521393 is handled. Duration 280 ms by bot id=8401290907
2026-02-15 23:01:21,435 | INFO | aiogram.event | Update id=886521394 is not handled. Duration 16 ms by bot id=8401290907
2026-02-15 23:01:27,850 | INFO | aiogram.event | Update id=886521395 is handled. Duration 469 ms by bot id=8401290907
2026-02-15 23:01:40,217 | INFO | aiogram.event | Update id=886521396 is handled. Duration 437 ms by bot id=8401290907
2026-02-15 23:01:41,335 | INFO | aiogram.event | Update id=886521397 is handled. Duration 250 ms by bot id=8401290907
2026-02-15 23:01:42,255 | INFO | aiogram.event | Update id=886521398 is handled. Duration 280 ms by bot id=8401290907
2026-02-15 23:01:43,430 | INFO | aiogram.event | Update id=886521399 is handled. Duration 469 ms by bot id=8401290907
2026-02-15 23:01:44,770 | INFO | aiogram.event | Update id=886521400 is handled. Duration 264 ms by bot id=8401290907
2026-02-15 23:01:46,335 | INFO | aiogram.event | Update id=886521401 is handled. Duration 264 ms by bot id=8401290907
2026-02-15 23:01:47,540 | INFO | aiogram.event | Update id=886521402 is handled. Duration 375 ms by bot id=8401290907
2026-02-15 23:01:49,121 | INFO | aiogram.event | Update id=886521403 is handled. Duration 140 ms by bot id=8401290907
2026-02-15 23:01:54,327 | INFO | aiogram.event | Update id=886521404 is handled. Duration 140 ms by bot id=8401290907
